-- SEQUENCE ---
-- NOTE: USE 1-BASED IDS THAT ARE SMALLER THAN 1000 FOR EACH TABLE. SEQUENCE IS SET TO START ID GENERATION FROM FROM 1000 --
alter sequence S40CICORE.HIBERNATE_SEQUENCE restart with 1000;

-- SYSCONFIGS --
insert into S40CICORE.SYS_CONFIG (ID, CONFIGKEY, CONFIGVALUE) values (1, 'ALLOW_LOGIN', 'TRUE');

-- GERRITS --
insert into S40CICORE.GERRIT (ID, URL, PORT, PRIVATEKEYPATH, SSHUSERNAME) values (1, 'localhost', 1338, '../../../../../s40-ci-backend-mock/keys/id_dsa', 'account');

-- PROJECTS GROUP --
insert into S40CICORE.PROJECT_GROUP (ID, NAME, CUSTOM_ORDER) values (1, 'Sample group 1',0);
insert into S40CICORE.PROJECT_GROUP (ID, NAME, CUSTOM_ORDER) values (2, 'Sample group 2',1);

-- USERS --
insert into S40CICORE.SYS_USER (ID, EMAIL, LOGINNAME, REALNAME, USERROLE) values (1, 'admin@test.com', 'admin', 'admin MOCK', 'SYSTEM_ADMIN');

-- PROJECTS --
insert into S40CICORE.PROJECT (ID, "NAME", DISPLAYNAME, DESCRIPTION, CREATED, GERRIT_ID, PROJECTGROUP_ID) values (1, 'x_project', 'X', 'Project X description.', CURRENT_TIMESTAMP, 1,1);
insert into S40CICORE.PROJECT (ID, "NAME", DISPLAYNAME, DESCRIPTION, CREATED, GERRIT_ID, PROJECTGROUP_ID) values (2, 'y_project', 'Y', 'Project Y description.', CURRENT_TIMESTAMP, 1,2);
insert into S40CICORE.PROJECT (ID, "NAME", DISPLAYNAME, DESCRIPTION, CREATED, GERRIT_ID) values (3, 'z_project', 'Z', 'Project Z description.', CURRENT_TIMESTAMP, 1);

-- PROJECT LINKS --
insert into S40CICORE.PROJECT_EXTERNAL_LINK (ID, DESCRIPTION, URL, PROJECT_ID) values (1, 'Test1', 'http://www.google.com', 1);
insert into S40CICORE.PROJECT_EXTERNAL_LINK (ID, DESCRIPTION, URL, PROJECT_ID) values (2, 'Test2', 'http://www.google.com', 1);

-- BRANCHES --
insert into S40CICORE.BRANCH (ID, "NAME", PROJECT_ID, "TYPE") values (1, 'master', 1, 'DEVELOPMENT');
insert into S40CICORE.BRANCH (ID, "NAME", PROJECT_ID, "TYPE") values (2, 'develop', 1, 'DEVELOPMENT');
insert into S40CICORE.BRANCH (ID, "NAME", PROJECT_ID, "TYPE") values (3, 'toolbox', 1, 'TOOLBOX');

insert into S40CICORE.BRANCH (ID, "NAME", PROJECT_ID, "TYPE") values (4, 'master', 2, 'DEVELOPMENT');
insert into S40CICORE.BRANCH (ID, "NAME", PROJECT_ID, "TYPE") values (5, 'develop', 2, 'DEVELOPMENT');
insert into S40CICORE.BRANCH (ID, "NAME", PROJECT_ID, "TYPE") values (6, 'toolbox', 2, 'TOOLBOX');

insert into S40CICORE.BRANCH (ID, "NAME", PROJECT_ID, "TYPE") values (7, 'master', 3, 'DEVELOPMENT');
insert into S40CICORE.BRANCH (ID, "NAME", PROJECT_ID, "TYPE") values (8, 'develop', 3, 'DEVELOPMENT');
insert into S40CICORE.BRANCH (ID, "NAME", PROJECT_ID, "TYPE") values (9, 'toolbox', 3, 'TOOLBOX');

-- CI SERVERS --
insert into S40CICORE.CISERVER (ID, PORT, URL) values (1, 1337, 'localhost');

-- BRANCH CI SERVERS --
insert into S40CICORE.BRANCH_CISERVER (BRANCHES_ID, CISERVERS_ID) values (3, 1);
insert into S40CICORE.BRANCH_CISERVER (BRANCHES_ID, CISERVERS_ID) values (6, 1);
insert into S40CICORE.BRANCH_CISERVER (BRANCHES_ID, CISERVERS_ID) values (9, 1);

-- JOBS --
insert into S40CICORE.JOB (ID, DISPLAYNAME, "NAME", BRANCH_ID, "TYPE", CREATED, TRIGGERTYPE) values (1, 'X single commit verification', 's40_ci_20_X_single_commit', 2, 'DEFAULT', CURRENT_TIMESTAMP, 'AUTOMATIC');
insert into S40CICORE.JOB (ID, DISPLAYNAME, "NAME", BRANCH_ID, "TYPE", CREATED, TRIGGERTYPE) values (2, 'X development verification', 's40_ci_20_X_development', 2, 'DEFAULT', CURRENT_TIMESTAMP, 'POLL');
insert into S40CICORE.JOB (ID, DISPLAYNAME, "NAME", BRANCH_ID, "TYPE", CREATED, TRIGGERTYPE) values (3, 'Y single commit verification', 's40_ci_20_Y_single_commit', 5, 'DEFAULT', CURRENT_TIMESTAMP, 'AUTOMATIC');
insert into S40CICORE.JOB (ID, DISPLAYNAME, "NAME", BRANCH_ID, "TYPE", CREATED, TRIGGERTYPE) values (4, 'Y development verification', 's40_ci_20_Y_development', 5, 'DEFAULT', CURRENT_TIMESTAMP, 'POLL');
insert into S40CICORE.JOB (ID, DISPLAYNAME, "NAME", BRANCH_ID, "TYPE", CREATED, TRIGGERTYPE) values (5, 'Z single commit verification', 's40_ci_20_Z_single_commit', 8, 'DEFAULT', CURRENT_TIMESTAMP, 'AUTOMATIC');
insert into S40CICORE.JOB (ID, DISPLAYNAME, "NAME", BRANCH_ID, "TYPE", CREATED, TRIGGERTYPE) values (6, 'Z development verification', 's40_ci_20_Z_development', 8, 'DEFAULT', CURRENT_TIMESTAMP, 'POLL');

-- ADMIN TOOLBOX JOB --
insert into S40CICORE.JOB (ID, DISPLAYNAME, "NAME", BRANCH_ID, "TYPE", CREATED, OWNER_ID, CONTACTPERSON, TRIGGERTYPE) values (7, 'Admin toolbox job 1', 's40_admin_toolbox_job1', 3, 'TOOLBOX', CURRENT_TIMESTAMP, 1, 'Admin MOCK', 'MANUAL');
insert into S40CICORE.JOB (ID, DISPLAYNAME, "NAME", BRANCH_ID, "TYPE", CREATED, OWNER_ID, CONTACTPERSON, TRIGGERTYPE) values (8, 'Admin toolbox job 2', 's40_admin_toolbox_job2', 6, 'TOOLBOX', CURRENT_TIMESTAMP, 1, 'Admin MOCK', 'MANUAL');
insert into S40CICORE.JOB (ID, DISPLAYNAME, "NAME", BRANCH_ID, "TYPE", CREATED, OWNER_ID, CONTACTPERSON, TRIGGERTYPE) values (9, 'Admin toolbox job 3', 's40_admin_toolbox_job3', 6, 'TOOLBOX', CURRENT_TIMESTAMP, 1, 'Admin MOCK', 'AUTOMATIC');

-- BOOKMARK --
insert into S40CICORE.BOOKMARK (ID, NUMBEROFBUILDS, JOB_ID, SYSUSER_ID) values (1, 5, 7, 1);
insert into S40CICORE.BOOKMARK (ID, NUMBEROFBUILDS, JOB_ID, SYSUSER_ID) values (2, 6, 8, 1);
insert into S40CICORE.BOOKMARK (ID, NUMBEROFBUILDS, JOB_ID, SYSUSER_ID) values (3, 5, 9, 1);

-- BUILD GROUPS --
insert into S40CICORE.BUILD_GROUP (ID, CREATED, MODIFIED, CISERVER_ID) values (1, '2012-01-01 12:00:00', '2012-01-01 13:00:00', 1);
insert into S40CICORE.BUILD_GROUP (ID, CREATED, MODIFIED, CISERVER_ID) values (2, '2012-01-01 12:30:00', '2012-01-01 13:30:00', 1);
insert into S40CICORE.BUILD_GROUP (ID, CREATED, MODIFIED, CISERVER_ID) values (3, '2012-01-01 12:30:00', '2012-01-01 13:30:00', 1);

-- CHANGES --
insert into S40CICORE.CHANGE (ID, CREATED, MODIFIED, AUTHOREMAIL, AUTHORNAME, COMMITID, COMMITTIME, MESSAGE, STATUS, SUBJECT, BUILDGROUP_ID) values (1, '2012-01-01 12:30:00', '2012-01-01 12:32:00', 'admin@test.com', 'Admin MOCK', 'fpjwefpoj32pjfpweojf3g', '2012-01-01 12:32:00', 'Just another GIT change wooop', 'OPEN', 'Just another GIT change', 1);
insert into S40CICORE.CHANGE (ID, CREATED, MODIFIED, AUTHOREMAIL, AUTHORNAME, COMMITID, COMMITTIME, MESSAGE, STATUS, SUBJECT, BUILDGROUP_ID) values (2, '2012-01-01 12:35:00', '2012-01-01 12:36:00', 'admin@test.com', 'Admin MOCK', 'fergregregerrrfpweojf3', '2012-01-01 12:35:20', 'Draft change nro 666', 'DRAFT', 'Draftie', 1);
insert into S40CICORE.CHANGE (ID, CREATED, MODIFIED, AUTHOREMAIL, AUTHORNAME, COMMITID, COMMITTIME, MESSAGE, STATUS, SUBJECT, BUILDGROUP_ID) values (3, '2012-01-01 12:39:00', '2012-01-01 12:39:00', 'admin@test.com', 'Admin MOCK', 'fe3423ffgg3gilvv0033f3', '2012-01-01 12:39:20', 'This change is merged', 'MERGED', 'Woopsie merged', 1);

-- CHANGE_FILES --
insert into S40CICORE.CHANGE_FILE (ID, CREATED, MODIFIED, FILEPATH, FILETYPE, CHANGE_ID) values (1, '2012-01-01 12:30:00', '2012-01-01 12:30:00', '/s40_sw/mylly.c', 'ADDED', 1);
insert into S40CICORE.CHANGE_FILE (ID, CREATED, MODIFIED, FILEPATH, FILETYPE, CHANGE_ID) values (2, '2012-01-01 12:30:00', '2012-01-01 12:30:00', '/s40_sw/mylly.c', 'REMOVED', 1);
insert into S40CICORE.CHANGE_FILE (ID, CREATED, MODIFIED, FILEPATH, FILETYPE, CHANGE_ID) values (3, '2012-01-01 12:30:00', '2012-01-01 12:30:00', '/s40_sw/mylly.c', 'MODIFIED', 1);
insert into S40CICORE.CHANGE_FILE (ID, CREATED, MODIFIED, FILEPATH, FILETYPE, CHANGE_ID) values (4, '2012-01-01 12:30:00', '2012-01-01 12:30:00', '/s40_sw/mylly.c', 'MODIFIED', 2);

-- ROOT BUILDS --
insert into S40CICORE.BUILD (ID, CREATED, MODIFIED, STARTTIME, ENDTIME, PHASE, REFSPEC, BUILDNUMBER, STATUS, URL, JOB_ID, BUILDGROUP_ID) values (1, '2012-01-01 12:00:00', '2012-01-01 13:00:00', '2012-01-01 12:00:04', '2012-01-01 12:02:10', 'FINISHED', 'refs/for/changes/1111', 1, 'SUCCESS', NULL, 1, NULL);
insert into S40CICORE.BUILD (ID, CREATED, MODIFIED, STARTTIME, ENDTIME, PHASE, REFSPEC, BUILDNUMBER, STATUS, URL, JOB_ID, BUILDGROUP_ID) values (2, '2012-01-01 12:00:01', '2012-01-01 13:00:01', '2012-01-01 12:00:05', '2012-01-01 12:06:11', 'FINISHED', 'refs/for/changes/1112', 2, 'FAILURE', NULL, 1, NULL);
insert into S40CICORE.BUILD (ID, CREATED, MODIFIED, STARTTIME, ENDTIME, PHASE, REFSPEC, BUILDNUMBER, STATUS, URL, JOB_ID, BUILDGROUP_ID) values (3, '2012-01-01 12:00:02', '2012-01-01 13:00:02', '2012-01-01 12:00:06', '2012-01-01 12:01:13', 'FINISHED', 'refs/for/changes/1113', 3, 'SUCCESS', NULL, 1, NULL);
insert into S40CICORE.BUILD (ID, CREATED, MODIFIED, STARTTIME, ENDTIME, PHASE, REFSPEC, BUILDNUMBER, STATUS, URL, JOB_ID, BUILDGROUP_ID) values (4, '2012-01-01 12:00:00', '2012-01-01 13:00:00', '2012-01-01 12:00:04', '2012-01-01 12:02:10', 'FINISHED', 'refs/for/changes/1114', 4, 'SUCCESS', NULL, 2, NULL);
insert into S40CICORE.BUILD (ID, CREATED, MODIFIED, STARTTIME, ENDTIME, PHASE, REFSPEC, BUILDNUMBER, STATUS, URL, JOB_ID, BUILDGROUP_ID) values (5, '2012-01-01 12:00:01', '2012-01-01 13:00:01', '2012-01-01 12:00:05', '2012-01-01 12:06:11', 'FINISHED', 'refs/for/changes/1115', 5, 'SUCCESS', NULL, 2, NULL);
insert into S40CICORE.BUILD (ID, CREATED, MODIFIED, STARTTIME, ENDTIME, PHASE, REFSPEC, BUILDNUMBER, STATUS, URL, JOB_ID, BUILDGROUP_ID) values (6, '2012-01-01 12:00:02', '2012-01-01 13:00:02', '2012-01-01 12:00:06', '2012-01-01 12:01:13', 'FINISHED', 'refs/for/changes/1116', 6, 'FAILURE', NULL, 2, NULL);
insert into S40CICORE.BUILD (ID, CREATED, MODIFIED, STARTTIME, ENDTIME, PHASE, REFSPEC, BUILDNUMBER, STATUS, URL, JOB_ID, BUILDGROUP_ID) values (7, '2012-01-01 12:00:07', '2012-01-01 13:00:07', '2012-01-01 12:00:07', '2012-01-01 12:01:07', 'STARTED', 'refs/for/changes/1117', 7, 'UNSTABLE', NULL, 2, 1);
insert into S40CICORE.BUILD (ID, CREATED, MODIFIED, STARTTIME, ENDTIME, PHASE, REFSPEC, BUILDNUMBER, STATUS, URL, JOB_ID, BUILDGROUP_ID) values (8, '2012-01-01 12:00:08', '2012-01-01 13:00:08', '2012-01-01 12:00:07', '2012-01-01 12:01:07', 'STARTED', 'refs/for/changes/1118', 8, 'SUCCESS', NULL, 7, 2);

-- CHILD BUILDS FOR ROOT BUILD WITH ID 7--
insert into S40CICORE.BUILD (ID, CREATED, MODIFIED, STARTTIME, ENDTIME, PHASE, REFSPEC, BUILDNUMBER, STATUS, URL, JOB_ID, BUILDGROUP_ID) values (9, '2012-01-01 12:00:02', '2012-01-01 13:00:02', '2012-01-01 12:00:06', NULL, 'STARTED', 'refs/for/changes/1112', 9, 'SUCCESS', NULL, 1, 1);
insert into S40CICORE.BUILD (ID, CREATED, MODIFIED, STARTTIME, ENDTIME, PHASE, REFSPEC, BUILDNUMBER, STATUS, URL, JOB_ID, BUILDGROUP_ID) values (10, '2012-01-01 12:00:03', '2012-01-01 13:00:03', NULL, NULL, 'CONFIGURED', 'refs/for/changes/1112', 9, 'SUCCESS', NULL, 1, 1);
insert into S40CICORE.BUILD (ID, CREATED, MODIFIED, STARTTIME, ENDTIME, PHASE, REFSPEC, BUILDNUMBER, STATUS, URL, JOB_ID, BUILDGROUP_ID) values (11, '2012-01-01 12:00:04', '2012-01-01 13:00:04', '2012-01-01 12:00:07', '2012-01-01 12:00:12', 'FINISHED', 'refs/for/changes/1112', 10, 'NOT_BUILT', NULL, 1, 1);
insert into S40CICORE.BUILD (ID, CREATED, MODIFIED, STARTTIME, ENDTIME, PHASE, REFSPEC, BUILDNUMBER, STATUS, URL, JOB_ID, BUILDGROUP_ID) values (12, '2012-01-01 12:00:04', '2012-01-01 13:00:04', '2012-01-01 12:00:07', '2012-01-01 12:00:34', 'FINISHED', 'refs/for/changes/1112', 11, 'ABORTED', NULL, 1, 1);
insert into S40CICORE.BUILD (ID, CREATED, MODIFIED, STARTTIME, ENDTIME, PHASE, REFSPEC, BUILDNUMBER, STATUS, URL, JOB_ID, BUILDGROUP_ID) values (13, '2012-01-01 12:00:04', '2012-01-01 13:00:04', '2012-01-01 12:00:07', '2012-01-01 12:00:32', 'FINISHED', 'refs/for/changes/1112', 12, 'UNSTABLE', NULL, 1, 1);
insert into S40CICORE.BUILD (ID, CREATED, MODIFIED, STARTTIME, ENDTIME, PHASE, REFSPEC, BUILDNUMBER, STATUS, URL, JOB_ID, BUILDGROUP_ID) values (14, '2012-01-01 12:00:02', '2012-01-01 13:00:02', '2012-01-01 12:00:06', '2012-01-01 12:01:13', 'FINISHED', 'refs/for/changes/1113', 13, 'SUCCESS', NULL, 1, 1);

-- BUILD_BUILD
insert into S40CICORE.BUILD_BUILD (PARENTBUILDS_ID, CHILDBUILDS_ID) values (7, 9);
insert into S40CICORE.BUILD_BUILD (PARENTBUILDS_ID, CHILDBUILDS_ID) values (7, 10);
insert into S40CICORE.BUILD_BUILD (PARENTBUILDS_ID, CHILDBUILDS_ID) values (7, 11);
insert into S40CICORE.BUILD_BUILD (PARENTBUILDS_ID, CHILDBUILDS_ID) values (7, 12);
insert into S40CICORE.BUILD_BUILD (PARENTBUILDS_ID, CHILDBUILDS_ID) values (7, 13);
insert into S40CICORE.BUILD_BUILD (PARENTBUILDS_ID, CHILDBUILDS_ID) values (7, 14);

-- CHILD BUILDS FOR BUILD ID 9, 13 --
insert into S40CICORE.BUILD (ID, CREATED, MODIFIED, STARTTIME, ENDTIME, PHASE, REFSPEC, BUILDNUMBER, STATUS, URL, JOB_ID, BUILDGROUP_ID) values (15, '2012-01-01 12:00:02', '2012-01-01 13:00:02', '2012-01-01 12:00:06', NULL, 'STARTED', 'refs/for/changes/1112', 15, 'SUCCESS', NULL, 1, 1);
insert into S40CICORE.BUILD (ID, CREATED, MODIFIED, STARTTIME, ENDTIME, PHASE, REFSPEC, BUILDNUMBER, STATUS, URL, JOB_ID, BUILDGROUP_ID) values (16, '2012-01-01 12:00:02', '2012-01-01 13:00:02', '2012-01-01 12:00:06', '2012-01-01 12:01:13', 'FINISHED', 'refs/for/changes/1113', 16, 'SUCCESS', NULL, 1, 1);
insert into S40CICORE.BUILD (ID, CREATED, MODIFIED, STARTTIME, ENDTIME, PHASE, REFSPEC, BUILDNUMBER, STATUS, URL, JOB_ID, BUILDGROUP_ID) values (17, '2012-01-01 12:00:02', '2012-01-01 13:00:02', '2012-01-01 12:00:06', NULL, 'STARTED', 'refs/for/changes/1112', 17, 'SUCCESS', NULL, 1, 1);

-- CHILD BUILDS FOR ROOT BUILD WITH ID 8--
insert into S40CICORE.BUILD (ID, CREATED, MODIFIED, STARTTIME, ENDTIME, PHASE, REFSPEC, BUILDNUMBER, STATUS, URL, JOB_ID, BUILDGROUP_ID) values (19, '2012-01-01 12:00:02', '2012-01-01 13:00:02', '2012-01-01 12:00:06', '2012-01-01 12:01:13', 'STARTED', 'refs/for/changes/1113', 19, 'SUCCESS', NULL, 7, 2);
insert into S40CICORE.BUILD (ID, CREATED, MODIFIED, STARTTIME, ENDTIME, PHASE, REFSPEC, BUILDNUMBER, STATUS, URL, JOB_ID, BUILDGROUP_ID) values (20, '2012-01-01 12:00:02', '2012-01-01 13:00:02', '2012-01-01 12:00:06', '2012-01-01 12:01:13', 'STARTED', 'refs/for/changes/1113', 20, 'SUCCESS', NULL, 7, 2);
insert into S40CICORE.BUILD (ID, CREATED, MODIFIED, STARTTIME, ENDTIME, PHASE, REFSPEC, BUILDNUMBER, STATUS, URL, JOB_ID, BUILDGROUP_ID) values (21, '2012-01-01 12:00:02', '2012-01-01 13:00:02', '2012-01-01 12:00:06', '2012-01-01 12:01:13', 'STARTED', 'refs/for/changes/1113', 21, 'SUCCESS', NULL, 7, 2);
insert into S40CICORE.BUILD (ID, CREATED, MODIFIED, STARTTIME, ENDTIME, PHASE, REFSPEC, BUILDNUMBER, STATUS, URL, JOB_ID, BUILDGROUP_ID) values (22, '2012-01-01 12:00:02', '2012-01-01 13:00:02', '2012-01-01 12:00:06', '2012-01-01 12:01:13', 'STARTED', 'refs/for/changes/1113', 22, 'SUCCESS', NULL, 7, 2);
insert into S40CICORE.BUILD (ID, CREATED, MODIFIED, STARTTIME, ENDTIME, PHASE, REFSPEC, BUILDNUMBER, STATUS, URL, JOB_ID, BUILDGROUP_ID) values (23, '2012-01-01 12:00:02', '2012-01-01 13:00:02', '2012-01-01 12:00:06', '2012-01-01 12:01:13', 'STARTED', 'refs/for/changes/1113', 23, 'SUCCESS', NULL, 7, 2);
insert into S40CICORE.BUILD (ID, CREATED, MODIFIED, STARTTIME, ENDTIME, PHASE, REFSPEC, BUILDNUMBER, STATUS, URL, JOB_ID, BUILDGROUP_ID) values (24, '2012-01-01 12:00:02', '2012-01-01 13:00:02', '2012-01-01 12:00:06', '2012-01-01 12:01:13', 'STARTED', 'refs/for/changes/1113', 24, 'SUCCESS', NULL, 7, 2);
insert into S40CICORE.BUILD (ID, CREATED, MODIFIED, STARTTIME, ENDTIME, PHASE, REFSPEC, BUILDNUMBER, STATUS, URL, JOB_ID, BUILDGROUP_ID, JOBDISPLAYNAME) values (25, '2012-01-01 12:00:02', '2012-01-01 13:00:02', '2012-01-01 12:00:06', '2012-01-01 12:01:13', 'STARTED', 'refs/for/changes/1113', 25, 'SUCCESS', NULL, 1, 3, 'This is job display name');
insert into S40CICORE.BUILD (ID, CREATED, MODIFIED, STARTTIME, ENDTIME, PHASE, REFSPEC, BUILDNUMBER, STATUS, URL, JOB_ID, BUILDGROUP_ID, JOBDISPLAYNAME) values (26, '2012-01-01 12:00:02', '2012-01-01 13:00:02', '2012-01-01 12:00:06', '2012-01-01 12:01:13', 'STARTED', 'refs/for/changes/1113', 26, 'SUCCESS', NULL, 1, 3, 'This is job display name');
insert into S40CICORE.BUILD (ID, CREATED, MODIFIED, STARTTIME, ENDTIME, PHASE, REFSPEC, BUILDNUMBER, STATUS, URL, JOB_ID, BUILDGROUP_ID, JOBDISPLAYNAME) values (27, '2012-01-01 12:00:02', '2012-01-01 13:00:02', '2012-01-01 12:00:06', '2012-01-01 12:01:13', 'STARTED', 'refs/for/changes/1113', 27, 'SUCCESS', NULL, 1, 3, 'This is job display name');


-- BUILD_BUILD
insert into S40CICORE.BUILD_BUILD (PARENTBUILDS_ID, CHILDBUILDS_ID) values (9, 14);
insert into S40CICORE.BUILD_BUILD (PARENTBUILDS_ID, CHILDBUILDS_ID) values (9, 16);
insert into S40CICORE.BUILD_BUILD (PARENTBUILDS_ID, CHILDBUILDS_ID) values (13, 14);
insert into S40CICORE.BUILD_BUILD (PARENTBUILDS_ID, CHILDBUILDS_ID) values (10, 14);
insert into S40CICORE.BUILD_BUILD (PARENTBUILDS_ID, CHILDBUILDS_ID) values (14, 15);
insert into S40CICORE.BUILD_BUILD (PARENTBUILDS_ID, CHILDBUILDS_ID) values (12, 15);
insert into S40CICORE.BUILD_BUILD (PARENTBUILDS_ID, CHILDBUILDS_ID) values (15, 16);
insert into S40CICORE.BUILD_BUILD (PARENTBUILDS_ID, CHILDBUILDS_ID) values (16, 17);
insert into S40CICORE.BUILD_BUILD (PARENTBUILDS_ID, CHILDBUILDS_ID) values (8, 19);
insert into S40CICORE.BUILD_BUILD (PARENTBUILDS_ID, CHILDBUILDS_ID) values (8, 20);
insert into S40CICORE.BUILD_BUILD (PARENTBUILDS_ID, CHILDBUILDS_ID) values (8, 21);
insert into S40CICORE.BUILD_BUILD (PARENTBUILDS_ID, CHILDBUILDS_ID) values (21, 22);
insert into S40CICORE.BUILD_BUILD (PARENTBUILDS_ID, CHILDBUILDS_ID) values (21, 23);
insert into S40CICORE.BUILD_BUILD (PARENTBUILDS_ID, CHILDBUILDS_ID) values (23, 24);
insert into S40CICORE.BUILD_BUILD (PARENTBUILDS_ID, CHILDBUILDS_ID) values (25, 26);
insert into S40CICORE.BUILD_BUILD (PARENTBUILDS_ID, CHILDBUILDS_ID) values (25, 27);

-- BUILD_VERIFICATION_CONFS --
insert into S40CICORE.BUILD_VERIFICATION_CONF (ID, CREATED, PRODUCTDISPLAYNAME, PRODUCTNAME, VERIFICATIONDISPLAYNAME, VERIFICATIONNAME, BUILD_ID) values (1, CURRENT_TIMESTAMP, 'Product 1', 'product1', 'Verification 1 with some very long name', 'verification1', 9);
insert into S40CICORE.BUILD_VERIFICATION_CONF (ID, CREATED, PRODUCTDISPLAYNAME, PRODUCTNAME, VERIFICATIONDISPLAYNAME, VERIFICATIONNAME, BUILD_ID) values (2, CURRENT_TIMESTAMP, 'Product 2', 'product2', 'Verification 2 with even longer name than in number 1', 'verification2', 10);
insert into S40CICORE.BUILD_VERIFICATION_CONF (ID, CREATED, PRODUCTDISPLAYNAME, PRODUCTNAME, VERIFICATIONDISPLAYNAME, VERIFICATIONNAME, BUILD_ID) values (3, CURRENT_TIMESTAMP, 'Product 2', 'product2', 'Verification 3 with even longer name than in number 1', 'verification3', 11);
insert into S40CICORE.BUILD_VERIFICATION_CONF (ID, CREATED, PRODUCTDISPLAYNAME, PRODUCTNAME, VERIFICATIONDISPLAYNAME, VERIFICATIONNAME, BUILD_ID) values (4, CURRENT_TIMESTAMP, 'Product 2', 'product2', 'Verification 4 with even longer name than in number 1', 'verification4', 12);
insert into S40CICORE.BUILD_VERIFICATION_CONF (ID, CREATED, PRODUCTDISPLAYNAME, PRODUCTNAME, VERIFICATIONDISPLAYNAME, VERIFICATIONNAME, BUILD_ID) values (5, CURRENT_TIMESTAMP, 'Product 2', 'product2', 'Verification 5 with even longer name than in number 1', 'verification5', 13);
insert into S40CICORE.BUILD_VERIFICATION_CONF (ID, CREATED, PRODUCTDISPLAYNAME, PRODUCTNAME, VERIFICATIONDISPLAYNAME, VERIFICATIONNAME, BUILD_ID) values (6, CURRENT_TIMESTAMP, 'Product 3', 'product2', 'Verification 6 with even longer name than in number 1', 'verification6', 14);
insert into S40CICORE.BUILD_VERIFICATION_CONF (ID, CREATED, PRODUCTDISPLAYNAME, PRODUCTNAME, VERIFICATIONDISPLAYNAME, VERIFICATIONNAME, BUILD_ID) values (7, CURRENT_TIMESTAMP, 'Product 4', 'product2', 'Verification 7 with even longer name than in number 1', 'verification7', 15);
insert into S40CICORE.BUILD_VERIFICATION_CONF (ID, CREATED, PRODUCTDISPLAYNAME, PRODUCTNAME, VERIFICATIONDISPLAYNAME, VERIFICATIONNAME, BUILD_ID) values (8, CURRENT_TIMESTAMP, 'Product 2', 'product2', 'Verification 5 with even longer name than in number 1', 'verification5', 16);
insert into S40CICORE.BUILD_VERIFICATION_CONF (ID, CREATED, PRODUCTDISPLAYNAME, PRODUCTNAME, VERIFICATIONDISPLAYNAME, VERIFICATIONNAME, BUILD_ID) values (9, CURRENT_TIMESTAMP, 'Product 2', 'product2', 'Verification 5 with even longer name than in number 1', 'verification5', 17);
insert into S40CICORE.BUILD_VERIFICATION_CONF (ID, CREATED, PRODUCTDISPLAYNAME, PRODUCTNAME, VERIFICATIONDISPLAYNAME, VERIFICATIONNAME, BUILD_ID) values (10, CURRENT_TIMESTAMP, 'Product 2', 'product2', 'Verification 5 with even longer name than in number 1', 'verification5', 19);
insert into S40CICORE.BUILD_VERIFICATION_CONF (ID, CREATED, PRODUCTDISPLAYNAME, PRODUCTNAME, VERIFICATIONDISPLAYNAME, VERIFICATIONNAME, BUILD_ID) values (11, CURRENT_TIMESTAMP, 'Product 2', 'product2', 'Verification 5 with even longer name than in number 1', 'verification5', 20);
insert into S40CICORE.BUILD_VERIFICATION_CONF (ID, CREATED, PRODUCTDISPLAYNAME, PRODUCTNAME, VERIFICATIONDISPLAYNAME, VERIFICATIONNAME, BUILD_ID) values (12, CURRENT_TIMESTAMP, 'Product 2', 'product2', 'Verification 5 with even longer name than in number 1', 'verification5', 21);
insert into S40CICORE.BUILD_VERIFICATION_CONF (ID, CREATED, PRODUCTDISPLAYNAME, PRODUCTNAME, VERIFICATIONDISPLAYNAME, VERIFICATIONNAME, BUILD_ID) values (13, CURRENT_TIMESTAMP, 'Product 2', 'product2', 'Verification 5 with even longer name than in number 1', 'verification5', 22);
insert into S40CICORE.BUILD_VERIFICATION_CONF (ID, CREATED, PRODUCTDISPLAYNAME, PRODUCTNAME, VERIFICATIONDISPLAYNAME, VERIFICATIONNAME, BUILD_ID) values (14, CURRENT_TIMESTAMP, 'Product 2', 'product2', 'Verification 5 with even longer name than in number 1', 'verification5', 23);


-- PRODUCTS --
insert into S40CICORE.PRODUCT (ID, CREATED, MODIFIED, "NAME", DISPLAYNAME) values (1, CURRENT_TIMESTAMP, CURRENT_TIMESTAMP, 'product_1', 'Product 1');
insert into S40CICORE.PRODUCT (ID, CREATED, MODIFIED, "NAME", DISPLAYNAME) values (2, CURRENT_TIMESTAMP, CURRENT_TIMESTAMP, 'product_2', 'Product 2');
insert into S40CICORE.PRODUCT (ID, CREATED, MODIFIED, "NAME", DISPLAYNAME) values (3, CURRENT_TIMESTAMP, CURRENT_TIMESTAMP, 'product_3', 'Product 3');
insert into S40CICORE.PRODUCT (ID, CREATED, MODIFIED, "NAME", DISPLAYNAME) values (4, CURRENT_TIMESTAMP, CURRENT_TIMESTAMP, 'product_4', 'Product 4');
insert into S40CICORE.PRODUCT (ID, CREATED, MODIFIED, "NAME", DISPLAYNAME) values (5, CURRENT_TIMESTAMP, CURRENT_TIMESTAMP, 'product_5', 'Product 5');

-- VERIFICATIONS --
insert into S40CICORE.VERIFICATION (ID, CREATED, MODIFIED, "NAME", DISPLAYNAME, PARENTSTATUSTHRESHOLD, TYPE) values (1, CURRENT_TIMESTAMP, CURRENT_TIMESTAMP, 'cppunit', 'CPPUnit', 'NOT_BUILT', 'NORMAL');
insert into S40CICORE.VERIFICATION (ID, CREATED, MODIFIED, "NAME", DISPLAYNAME, PARENTSTATUSTHRESHOLD, TYPE) values (2, CURRENT_TIMESTAMP, CURRENT_TIMESTAMP, 'eno', 'Eno', 'NOT_BUILT', 'NORMAL');
insert into S40CICORE.VERIFICATION (ID, CREATED, MODIFIED, "NAME", DISPLAYNAME, PARENTSTATUSTHRESHOLD, TYPE) values (3, CURRENT_TIMESTAMP, CURRENT_TIMESTAMP, 'isa_ttcn', 'ISA TTCN', 'NOT_BUILT', 'NORMAL');
insert into S40CICORE.VERIFICATION (ID, CREATED, MODIFIED, "NAME", DISPLAYNAME, PARENTSTATUSTHRESHOLD, TYPE) values (4, CURRENT_TIMESTAMP, CURRENT_TIMESTAMP, 'nose', 'Nose', 'NOT_BUILT', 'NORMAL');
insert into S40CICORE.VERIFICATION (ID, CREATED, MODIFIED, "NAME", DISPLAYNAME, PARENTSTATUSTHRESHOLD, TYPE) values (5, CURRENT_TIMESTAMP, CURRENT_TIMESTAMP, 'target', 'Target', 'NOT_BUILT', 'NORMAL');
insert into S40CICORE.VERIFICATION (ID, CREATED, MODIFIED, "NAME", DISPLAYNAME, PARENTSTATUSTHRESHOLD, TYPE) values (6, CURRENT_TIMESTAMP, CURRENT_TIMESTAMP, 'target_with_ui', 'Target With UI', 'NOT_BUILT', 'NORMAL');
insert into S40CICORE.VERIFICATION (ID, CREATED, MODIFIED, "NAME", DISPLAYNAME, PARENTSTATUSTHRESHOLD, TYPE) values (7, CURRENT_TIMESTAMP, CURRENT_TIMESTAMP, 'target_with_ui_image', 'Target With UI Image', 'NOT_BUILT', 'NORMAL');
insert into S40CICORE.VERIFICATION (ID, CREATED, MODIFIED, "NAME", DISPLAYNAME, PARENTSTATUSTHRESHOLD, TYPE) values (8, CURRENT_TIMESTAMP, CURRENT_TIMESTAMP, 'win_nose', 'WIN Nose', 'NOT_BUILT', 'NORMAL');
insert into S40CICORE.VERIFICATION (ID, CREATED, MODIFIED, "NAME", DISPLAYNAME, PARENTSTATUSTHRESHOLD, TYPE) values (9, CURRENT_TIMESTAMP, CURRENT_TIMESTAMP, 'win_nose_no_ui', 'WIN Nose No UI', 'NOT_BUILT', 'NORMAL');
insert into S40CICORE.VERIFICATION (ID, CREATED, MODIFIED, "NAME", DISPLAYNAME, PARENTSTATUSTHRESHOLD, TYPE) values (10, CURRENT_TIMESTAMP, CURRENT_TIMESTAMP, 'pre_commit_verification', 'Commit check', 'NOT_BUILT', 'PRE_BUILD');
insert into S40CICORE.VERIFICATION (ID, CREATED, MODIFIED, "NAME", DISPLAYNAME, PARENTSTATUSTHRESHOLD, TYPE) values (11, CURRENT_TIMESTAMP, CURRENT_TIMESTAMP, 'post_commit_verification', 'Image check', 'NOT_BUILT', 'POST_BUILD');

-- JOB_CUSTOM_VERIFICATIONS --
insert into S40CICORE.JOB_CUSTOM_VERIFICATION (ID, CREATED, DESCRIPTION, JOB_ID, VERIFICATION_ID) values (1, CURRENT_TIMESTAMP, 'Job custom verification 1', 7, 1);
insert into S40CICORE.JOB_CUSTOM_VERIFICATION (ID, CREATED, DESCRIPTION, JOB_ID, VERIFICATION_ID) values (2, CURRENT_TIMESTAMP, 'Job custom verification 2', 7, 2);
insert into S40CICORE.JOB_CUSTOM_VERIFICATION (ID, CREATED, DESCRIPTION, JOB_ID, VERIFICATION_ID) values (3, CURRENT_TIMESTAMP, 'Job custom verification 3', 7, 2);

-- JOB_CUSTOM_VERIFICATION_CONFS --
insert into S40CICORE.JOB_VERIFICATION_CONF (ID, CREATED, JOB_ID, PRODUCT_ID, VERIFICATION_ID, CARDINALITY) values (1, CURRENT_TIMESTAMP, 7, 1, 1, 'OPTIONAL');
insert into S40CICORE.JOB_VERIFICATION_CONF (ID, CREATED, JOB_ID, PRODUCT_ID, VERIFICATION_ID, CARDINALITY) values (2, CURRENT_TIMESTAMP, 7, 3, 2, 'OPTIONAL');
insert into S40CICORE.JOB_VERIFICATION_CONF (ID, CREATED, JOB_ID, PRODUCT_ID, VERIFICATION_ID, CARDINALITY) values (3, CURRENT_TIMESTAMP, 7, 2, 2, 'MANDATORY');
insert into S40CICORE.JOB_VERIFICATION_CONF (ID, CREATED, JOB_ID, PRODUCT_ID, VERIFICATION_ID, CARDINALITY) values (4, CURRENT_TIMESTAMP, 7, 1, 3, 'OPTIONAL');
insert into S40CICORE.JOB_VERIFICATION_CONF (ID, CREATED, JOB_ID, PRODUCT_ID, VERIFICATION_ID, CARDINALITY) values (5, CURRENT_TIMESTAMP, 7, 2, 3, 'MANDATORY');
insert into S40CICORE.JOB_VERIFICATION_CONF (ID, CREATED, JOB_ID, PRODUCT_ID, VERIFICATION_ID, CARDINALITY) values (6, CURRENT_TIMESTAMP, 7, 3, 3, 'MANDATORY');
insert into S40CICORE.JOB_VERIFICATION_CONF (ID, CREATED, JOB_ID, PRODUCT_ID, VERIFICATION_ID, CARDINALITY) values (7, CURRENT_TIMESTAMP, 7, 2, 3, 'MANDATORY');

-- CUSTOM PARAMETERS --
insert into S40CICORE.CUSTOM_PARAM (ID, CREATED, MODIFIED, DISPLAYNAME, PARAMKEY, VERIFICATION_ID) values (1, CURRENT_TIMESTAMP, CURRENT_TIMESTAMP, 'CUSTOM 1', 'CUSTOM_1', 1);
insert into S40CICORE.CUSTOM_PARAM (ID, CREATED, MODIFIED, DISPLAYNAME, PARAMKEY, VERIFICATION_ID) values (2, CURRENT_TIMESTAMP, CURRENT_TIMESTAMP, 'CUSTOM 2', 'CUSTOM_2', 1);
insert into S40CICORE.CUSTOM_PARAM (ID, CREATED, MODIFIED, DISPLAYNAME, PARAMKEY, VERIFICATION_ID) values (3, CURRENT_TIMESTAMP, CURRENT_TIMESTAMP, 'CUSTOM 1', 'CUSTOM_1', 2);
insert into S40CICORE.CUSTOM_PARAM (ID, CREATED, MODIFIED, DISPLAYNAME, PARAMKEY, VERIFICATION_ID) values (4, CURRENT_TIMESTAMP, CURRENT_TIMESTAMP, 'CUSTOM 2', 'CUSTOM_2', 2);
insert into S40CICORE.CUSTOM_PARAM (ID, CREATED, MODIFIED, DISPLAYNAME, PARAMKEY, VERIFICATION_ID) values (5, CURRENT_TIMESTAMP, CURRENT_TIMESTAMP, 'CUSTOM 1', 'CUSTOM_1', 3);
insert into S40CICORE.CUSTOM_PARAM (ID, CREATED, MODIFIED, DISPLAYNAME, PARAMKEY, VERIFICATION_ID) values (6, CURRENT_TIMESTAMP, CURRENT_TIMESTAMP, 'CUSTOM 2', 'CUSTOM_2', 3);
insert into S40CICORE.CUSTOM_PARAM (ID, CREATED, MODIFIED, DISPLAYNAME, PARAMKEY, VERIFICATION_ID) values (7, CURRENT_TIMESTAMP, CURRENT_TIMESTAMP, 'CUSTOM 1', 'CUSTOM_1', 4);
insert into S40CICORE.CUSTOM_PARAM (ID, CREATED, MODIFIED, DISPLAYNAME, PARAMKEY, VERIFICATION_ID) values (8, CURRENT_TIMESTAMP, CURRENT_TIMESTAMP, 'CUSTOM 2', 'CUSTOM_2', 4);

-- CUSTOM PARAMETER VALUES --
insert into S40CICORE.CUSTOM_PARAM_VALUE (ID, CREATED, MODIFIED, PARAMVALUE, CUSTOMPARAM_ID) values (1, CURRENT_TIMESTAMP, CURRENT_TIMESTAMP, '1', 1);
insert into S40CICORE.CUSTOM_PARAM_VALUE (ID, CREATED, MODIFIED, PARAMVALUE, CUSTOMPARAM_ID) values (2, CURRENT_TIMESTAMP, CURRENT_TIMESTAMP, '2', 1);
insert into S40CICORE.CUSTOM_PARAM_VALUE (ID, CREATED, MODIFIED, PARAMVALUE, CUSTOMPARAM_ID) values (3, CURRENT_TIMESTAMP, CURRENT_TIMESTAMP, '1', 2);
insert into S40CICORE.CUSTOM_PARAM_VALUE (ID, CREATED, MODIFIED, PARAMVALUE, CUSTOMPARAM_ID) values (4, CURRENT_TIMESTAMP, CURRENT_TIMESTAMP, '2', 2);
insert into S40CICORE.CUSTOM_PARAM_VALUE (ID, CREATED, MODIFIED, PARAMVALUE, CUSTOMPARAM_ID) values (5, CURRENT_TIMESTAMP, CURRENT_TIMESTAMP, '1', 3);
insert into S40CICORE.CUSTOM_PARAM_VALUE (ID, CREATED, MODIFIED, PARAMVALUE, CUSTOMPARAM_ID) values (6, CURRENT_TIMESTAMP, CURRENT_TIMESTAMP, '2', 3);
insert into S40CICORE.CUSTOM_PARAM_VALUE (ID, CREATED, MODIFIED, PARAMVALUE, CUSTOMPARAM_ID) values (7, CURRENT_TIMESTAMP, CURRENT_TIMESTAMP, '1', 4);
insert into S40CICORE.CUSTOM_PARAM_VALUE (ID, CREATED, MODIFIED, PARAMVALUE, CUSTOMPARAM_ID) values (8, CURRENT_TIMESTAMP, CURRENT_TIMESTAMP, '2', 4);
insert into S40CICORE.CUSTOM_PARAM_VALUE (ID, CREATED, MODIFIED, PARAMVALUE, CUSTOMPARAM_ID) values (9, CURRENT_TIMESTAMP, CURRENT_TIMESTAMP, '1', 5);
insert into S40CICORE.CUSTOM_PARAM_VALUE (ID, CREATED, MODIFIED, PARAMVALUE, CUSTOMPARAM_ID) values (10, CURRENT_TIMESTAMP, CURRENT_TIMESTAMP, '2', 5);
insert into S40CICORE.CUSTOM_PARAM_VALUE (ID, CREATED, MODIFIED, PARAMVALUE, CUSTOMPARAM_ID) values (11, CURRENT_TIMESTAMP, CURRENT_TIMESTAMP, '1', 6);
insert into S40CICORE.CUSTOM_PARAM_VALUE (ID, CREATED, MODIFIED, PARAMVALUE, CUSTOMPARAM_ID) values (12, CURRENT_TIMESTAMP, CURRENT_TIMESTAMP, '2', 6);
insert into S40CICORE.CUSTOM_PARAM_VALUE (ID, CREATED, MODIFIED, PARAMVALUE, CUSTOMPARAM_ID) values (13, CURRENT_TIMESTAMP, CURRENT_TIMESTAMP, '1', 7);
insert into S40CICORE.CUSTOM_PARAM_VALUE (ID, CREATED, MODIFIED, PARAMVALUE, CUSTOMPARAM_ID) values (14, CURRENT_TIMESTAMP, CURRENT_TIMESTAMP, '2', 7);
insert into S40CICORE.CUSTOM_PARAM_VALUE (ID, CREATED, MODIFIED, PARAMVALUE, CUSTOMPARAM_ID) values (15, CURRENT_TIMESTAMP, CURRENT_TIMESTAMP, '1', 8);
insert into S40CICORE.CUSTOM_PARAM_VALUE (ID, CREATED, MODIFIED, PARAMVALUE, CUSTOMPARAM_ID) values (16, CURRENT_TIMESTAMP, CURRENT_TIMESTAMP, '2', 8);

-- PROJECT PRODUCTS --
insert into S40CICORE.PROJECT_PRODUCT (PROJECTS_ID, PRODUCTS_ID) values (1, 1);
insert into S40CICORE.PROJECT_PRODUCT (PROJECTS_ID, PRODUCTS_ID) values (1, 2);
insert into S40CICORE.PROJECT_PRODUCT (PROJECTS_ID, PRODUCTS_ID) values (1, 3);
insert into S40CICORE.PROJECT_PRODUCT (PROJECTS_ID, PRODUCTS_ID) values (1, 4);

insert into S40CICORE.PROJECT_PRODUCT (PROJECTS_ID, PRODUCTS_ID) values (2, 1);
insert into S40CICORE.PROJECT_PRODUCT (PROJECTS_ID, PRODUCTS_ID) values (2, 3);
insert into S40CICORE.PROJECT_PRODUCT (PROJECTS_ID, PRODUCTS_ID) values (2, 4);

insert into S40CICORE.PROJECT_PRODUCT (PROJECTS_ID, PRODUCTS_ID) values (3, 3);
insert into S40CICORE.PROJECT_PRODUCT (PROJECTS_ID, PRODUCTS_ID) values (3, 4);

-- PROJECT VERIFICATIONS --
insert into S40CICORE.PROJECT_VERIFICATION (PROJECTS_ID, VERIFICATIONS_ID) values (1, 1);
insert into S40CICORE.PROJECT_VERIFICATION (PROJECTS_ID, VERIFICATIONS_ID) values (1, 2);
insert into S40CICORE.PROJECT_VERIFICATION (PROJECTS_ID, VERIFICATIONS_ID) values (1, 3);
insert into S40CICORE.PROJECT_VERIFICATION (PROJECTS_ID, VERIFICATIONS_ID) values (1, 4);
insert into S40CICORE.PROJECT_VERIFICATION (PROJECTS_ID, VERIFICATIONS_ID) values (1, 5);
insert into S40CICORE.PROJECT_VERIFICATION (PROJECTS_ID, VERIFICATIONS_ID) values (1, 6);
insert into S40CICORE.PROJECT_VERIFICATION (PROJECTS_ID, VERIFICATIONS_ID) values (1, 7);
insert into S40CICORE.PROJECT_VERIFICATION (PROJECTS_ID, VERIFICATIONS_ID) values (1, 8);
insert into S40CICORE.PROJECT_VERIFICATION (PROJECTS_ID, VERIFICATIONS_ID) values (1, 9);
insert into S40CICORE.PROJECT_VERIFICATION (PROJECTS_ID, VERIFICATIONS_ID) values (1, 10);
insert into S40CICORE.PROJECT_VERIFICATION (PROJECTS_ID, VERIFICATIONS_ID) values (1, 11);

insert into S40CICORE.PROJECT_VERIFICATION (PROJECTS_ID, VERIFICATIONS_ID) values (2, 1);
insert into S40CICORE.PROJECT_VERIFICATION (PROJECTS_ID, VERIFICATIONS_ID) values (2, 2);
insert into S40CICORE.PROJECT_VERIFICATION (PROJECTS_ID, VERIFICATIONS_ID) values (2, 3);
insert into S40CICORE.PROJECT_VERIFICATION (PROJECTS_ID, VERIFICATIONS_ID) values (2, 4);
insert into S40CICORE.PROJECT_VERIFICATION (PROJECTS_ID, VERIFICATIONS_ID) values (2, 5);

insert into S40CICORE.PROJECT_VERIFICATION (PROJECTS_ID, VERIFICATIONS_ID) values (3, 1);
insert into S40CICORE.PROJECT_VERIFICATION (PROJECTS_ID, VERIFICATIONS_ID) values (3, 3);
insert into S40CICORE.PROJECT_VERIFICATION (PROJECTS_ID, VERIFICATIONS_ID) values (3, 5);
insert into S40CICORE.PROJECT_VERIFICATION (PROJECTS_ID, VERIFICATIONS_ID) values (3, 7);
insert into S40CICORE.PROJECT_VERIFICATION (PROJECTS_ID, VERIFICATIONS_ID) values (3, 9);

-- PROJECT VERIFICATION CONFS --
insert into S40CICORE.PROJECT_VERIFICATION_CONF (ID, PROJECT_ID, PRODUCT_ID, VERIFICATION_ID) values (1, 1, 1, 1);
insert into S40CICORE.PROJECT_VERIFICATION_CONF (ID, PROJECT_ID, PRODUCT_ID, VERIFICATION_ID) values (2, 1, 1, 2);
insert into S40CICORE.PROJECT_VERIFICATION_CONF (ID, PROJECT_ID, PRODUCT_ID, VERIFICATION_ID) values (3, 1, 1, 3);
insert into S40CICORE.PROJECT_VERIFICATION_CONF (ID, PROJECT_ID, PRODUCT_ID, VERIFICATION_ID) values (4, 1, 1, 4);
insert into S40CICORE.PROJECT_VERIFICATION_CONF (ID, PROJECT_ID, PRODUCT_ID, VERIFICATION_ID) values (5, 1, 1, 5);
insert into S40CICORE.PROJECT_VERIFICATION_CONF (ID, PROJECT_ID, PRODUCT_ID, VERIFICATION_ID) values (6, 1, 1, 6);
insert into S40CICORE.PROJECT_VERIFICATION_CONF (ID, PROJECT_ID, PRODUCT_ID, VERIFICATION_ID) values (7, 1, 1, 7);
insert into S40CICORE.PROJECT_VERIFICATION_CONF (ID, PROJECT_ID, PRODUCT_ID, VERIFICATION_ID) values (8, 1, 1, 8);
insert into S40CICORE.PROJECT_VERIFICATION_CONF (ID, PROJECT_ID, PRODUCT_ID, VERIFICATION_ID) values (9, 1, 1, 9);
insert into S40CICORE.PROJECT_VERIFICATION_CONF (ID, PROJECT_ID, PRODUCT_ID, VERIFICATION_ID) values (10, 1, 2, 1);
insert into S40CICORE.PROJECT_VERIFICATION_CONF (ID, PROJECT_ID, PRODUCT_ID, VERIFICATION_ID) values (12, 1, 2, 2);
insert into S40CICORE.PROJECT_VERIFICATION_CONF (ID, PROJECT_ID, PRODUCT_ID, VERIFICATION_ID) values (13, 1, 2, 3);
insert into S40CICORE.PROJECT_VERIFICATION_CONF (ID, PROJECT_ID, PRODUCT_ID, VERIFICATION_ID) values (14, 1, 2, 4);
insert into S40CICORE.PROJECT_VERIFICATION_CONF (ID, PROJECT_ID, PRODUCT_ID, VERIFICATION_ID) values (15, 1, 2, 5);
insert into S40CICORE.PROJECT_VERIFICATION_CONF (ID, PROJECT_ID, PRODUCT_ID, VERIFICATION_ID) values (16, 1, 2, 6);
insert into S40CICORE.PROJECT_VERIFICATION_CONF (ID, PROJECT_ID, PRODUCT_ID, VERIFICATION_ID) values (17, 1, 2, 7);
insert into S40CICORE.PROJECT_VERIFICATION_CONF (ID, PROJECT_ID, PRODUCT_ID, VERIFICATION_ID) values (18, 1, 2, 8);
insert into S40CICORE.PROJECT_VERIFICATION_CONF (ID, PROJECT_ID, PRODUCT_ID, VERIFICATION_ID) values (19, 1, 2, 9);
insert into S40CICORE.PROJECT_VERIFICATION_CONF (ID, PROJECT_ID, PRODUCT_ID, VERIFICATION_ID) values (20, 1, 3, 1);
insert into S40CICORE.PROJECT_VERIFICATION_CONF (ID, PROJECT_ID, PRODUCT_ID, VERIFICATION_ID) values (21, 1, 3, 2);
insert into S40CICORE.PROJECT_VERIFICATION_CONF (ID, PROJECT_ID, PRODUCT_ID, VERIFICATION_ID) values (22, 1, 3, 3);
insert into S40CICORE.PROJECT_VERIFICATION_CONF (ID, PROJECT_ID, PRODUCT_ID, VERIFICATION_ID) values (23, 1, 3, 4);
insert into S40CICORE.PROJECT_VERIFICATION_CONF (ID, PROJECT_ID, PRODUCT_ID, VERIFICATION_ID) values (24, 1, 3, 5);
insert into S40CICORE.PROJECT_VERIFICATION_CONF (ID, PROJECT_ID, PRODUCT_ID, VERIFICATION_ID) values (25, 1, 3, 6);
insert into S40CICORE.PROJECT_VERIFICATION_CONF (ID, PROJECT_ID, PRODUCT_ID, VERIFICATION_ID) values (26, 1, 3, 7);
insert into S40CICORE.PROJECT_VERIFICATION_CONF (ID, PROJECT_ID, PRODUCT_ID, VERIFICATION_ID) values (27, 1, 3, 8);
insert into S40CICORE.PROJECT_VERIFICATION_CONF (ID, PROJECT_ID, PRODUCT_ID, VERIFICATION_ID) values (28, 1, 3, 9);
insert into S40CICORE.PROJECT_VERIFICATION_CONF (ID, PROJECT_ID, PRODUCT_ID, VERIFICATION_ID) values (29, 1, 4, 1);
insert into S40CICORE.PROJECT_VERIFICATION_CONF (ID, PROJECT_ID, PRODUCT_ID, VERIFICATION_ID) values (30, 1, 4, 2);
insert into S40CICORE.PROJECT_VERIFICATION_CONF (ID, PROJECT_ID, PRODUCT_ID, VERIFICATION_ID) values (31, 1, 4, 3);
insert into S40CICORE.PROJECT_VERIFICATION_CONF (ID, PROJECT_ID, PRODUCT_ID, VERIFICATION_ID) values (32, 1, 4, 4);
insert into S40CICORE.PROJECT_VERIFICATION_CONF (ID, PROJECT_ID, PRODUCT_ID, VERIFICATION_ID) values (33, 1, 4, 5);
insert into S40CICORE.PROJECT_VERIFICATION_CONF (ID, PROJECT_ID, PRODUCT_ID, VERIFICATION_ID) values (34, 1, 4, 6);
insert into S40CICORE.PROJECT_VERIFICATION_CONF (ID, PROJECT_ID, PRODUCT_ID, VERIFICATION_ID) values (35, 1, 4, 7);
insert into S40CICORE.PROJECT_VERIFICATION_CONF (ID, PROJECT_ID, PRODUCT_ID, VERIFICATION_ID) values (36, 1, 4, 8);
insert into S40CICORE.PROJECT_VERIFICATION_CONF (ID, PROJECT_ID, PRODUCT_ID, VERIFICATION_ID) values (37, 1, 4, 9);

insert into S40CICORE.PROJECT_VERIFICATION_CONF (ID, PROJECT_ID, PRODUCT_ID, VERIFICATION_ID) values (38, 2, 1, 1);
insert into S40CICORE.PROJECT_VERIFICATION_CONF (ID, PROJECT_ID, PRODUCT_ID, VERIFICATION_ID) values (39, 2, 1, 2);
insert into S40CICORE.PROJECT_VERIFICATION_CONF (ID, PROJECT_ID, PRODUCT_ID, VERIFICATION_ID) values (40, 2, 1, 3);
insert into S40CICORE.PROJECT_VERIFICATION_CONF (ID, PROJECT_ID, PRODUCT_ID, VERIFICATION_ID) values (41, 2, 1, 4);
insert into S40CICORE.PROJECT_VERIFICATION_CONF (ID, PROJECT_ID, PRODUCT_ID, VERIFICATION_ID) values (42, 2, 1, 5);
insert into S40CICORE.PROJECT_VERIFICATION_CONF (ID, PROJECT_ID, PRODUCT_ID, VERIFICATION_ID) values (47, 2, 3, 2);
insert into S40CICORE.PROJECT_VERIFICATION_CONF (ID, PROJECT_ID, PRODUCT_ID, VERIFICATION_ID) values (48, 2, 3, 3);
insert into S40CICORE.PROJECT_VERIFICATION_CONF (ID, PROJECT_ID, PRODUCT_ID, VERIFICATION_ID) values (49, 2, 3, 4);
insert into S40CICORE.PROJECT_VERIFICATION_CONF (ID, PROJECT_ID, PRODUCT_ID, VERIFICATION_ID) values (50, 2, 3, 5);
insert into S40CICORE.PROJECT_VERIFICATION_CONF (ID, PROJECT_ID, PRODUCT_ID, VERIFICATION_ID) values (51, 2, 3, 6);
insert into S40CICORE.PROJECT_VERIFICATION_CONF (ID, PROJECT_ID, PRODUCT_ID, VERIFICATION_ID) values (52, 2, 4, 1);
insert into S40CICORE.PROJECT_VERIFICATION_CONF (ID, PROJECT_ID, PRODUCT_ID, VERIFICATION_ID) values (53, 2, 4, 2);
insert into S40CICORE.PROJECT_VERIFICATION_CONF (ID, PROJECT_ID, PRODUCT_ID, VERIFICATION_ID) values (54, 2, 4, 4);
insert into S40CICORE.PROJECT_VERIFICATION_CONF (ID, PROJECT_ID, PRODUCT_ID, VERIFICATION_ID) values (55, 2, 4, 5);

insert into S40CICORE.PROJECT_VERIFICATION_CONF (ID, PROJECT_ID, PRODUCT_ID, VERIFICATION_ID) values (56, 3, 3, 1);
insert into S40CICORE.PROJECT_VERIFICATION_CONF (ID, PROJECT_ID, PRODUCT_ID, VERIFICATION_ID) values (57, 3, 3, 3);
insert into S40CICORE.PROJECT_VERIFICATION_CONF (ID, PROJECT_ID, PRODUCT_ID, VERIFICATION_ID) values (58, 3, 3, 5);
insert into S40CICORE.PROJECT_VERIFICATION_CONF (ID, PROJECT_ID, PRODUCT_ID, VERIFICATION_ID) values (59, 3, 3, 7);
insert into S40CICORE.PROJECT_VERIFICATION_CONF (ID, PROJECT_ID, PRODUCT_ID, VERIFICATION_ID) values (60, 3, 3, 9);
insert into S40CICORE.PROJECT_VERIFICATION_CONF (ID, PROJECT_ID, PRODUCT_ID, VERIFICATION_ID) values (61, 3, 4, 1);
insert into S40CICORE.PROJECT_VERIFICATION_CONF (ID, PROJECT_ID, PRODUCT_ID, VERIFICATION_ID) values (62, 3, 4, 3);
insert into S40CICORE.PROJECT_VERIFICATION_CONF (ID, PROJECT_ID, PRODUCT_ID, VERIFICATION_ID) values (63, 3, 4, 7);
insert into S40CICORE.PROJECT_VERIFICATION_CONF (ID, PROJECT_ID, PRODUCT_ID, VERIFICATION_ID) values (64, 3, 4, 9);

insert into S40CICORE.PROJECT_VERIFICATION_CONF (ID, PROJECT_ID, PRODUCT_ID, VERIFICATION_ID) values (65, 1, 1, 10);
insert into S40CICORE.PROJECT_VERIFICATION_CONF (ID, PROJECT_ID, PRODUCT_ID, VERIFICATION_ID) values (66, 1, 1, 11);
insert into S40CICORE.PROJECT_VERIFICATION_CONF (ID, PROJECT_ID, PRODUCT_ID, VERIFICATION_ID) values (67, 1, 2, 10);
insert into S40CICORE.PROJECT_VERIFICATION_CONF (ID, PROJECT_ID, PRODUCT_ID, VERIFICATION_ID) values (68, 1, 2, 11);
insert into S40CICORE.PROJECT_VERIFICATION_CONF (ID, PROJECT_ID, PRODUCT_ID, VERIFICATION_ID) values (69, 1, 3, 10);
insert into S40CICORE.PROJECT_VERIFICATION_CONF (ID, PROJECT_ID, PRODUCT_ID, VERIFICATION_ID) values (70, 1, 3, 11);
insert into S40CICORE.PROJECT_VERIFICATION_CONF (ID, PROJECT_ID, PRODUCT_ID, VERIFICATION_ID) values (71, 1, 4, 10);
insert into S40CICORE.PROJECT_VERIFICATION_CONF (ID, PROJECT_ID, PRODUCT_ID, VERIFICATION_ID) values (72, 1, 4, 11);

-- BRANCH VERIFICATION CONFS --
insert into S40CICORE.BRANCH_VERIFICATION_CONF (ID, BRANCH_ID, PRODUCT_ID, VERIFICATION_ID) values (1, 1, 1, 1);
insert into S40CICORE.BRANCH_VERIFICATION_CONF (ID, BRANCH_ID, PRODUCT_ID, VERIFICATION_ID) values (2, 1, 1, 2);
insert into S40CICORE.BRANCH_VERIFICATION_CONF (ID, BRANCH_ID, PRODUCT_ID, VERIFICATION_ID) values (3, 1, 1, 3);
insert into S40CICORE.BRANCH_VERIFICATION_CONF (ID, BRANCH_ID, PRODUCT_ID, VERIFICATION_ID) values (4, 1, 1, 4);
insert into S40CICORE.BRANCH_VERIFICATION_CONF (ID, BRANCH_ID, PRODUCT_ID, VERIFICATION_ID) values (5, 1, 1, 5);
insert into S40CICORE.BRANCH_VERIFICATION_CONF (ID, BRANCH_ID, PRODUCT_ID, VERIFICATION_ID) values (6, 1, 1, 6);
insert into S40CICORE.BRANCH_VERIFICATION_CONF (ID, BRANCH_ID, PRODUCT_ID, VERIFICATION_ID) values (7, 1, 1, 7);
insert into S40CICORE.BRANCH_VERIFICATION_CONF (ID, BRANCH_ID, PRODUCT_ID, VERIFICATION_ID) values (8, 1, 1, 8);
insert into S40CICORE.BRANCH_VERIFICATION_CONF (ID, BRANCH_ID, PRODUCT_ID, VERIFICATION_ID) values (9, 1, 1, 9);
insert into S40CICORE.BRANCH_VERIFICATION_CONF (ID, BRANCH_ID, PRODUCT_ID, VERIFICATION_ID) values (10, 1, 2, 1);
insert into S40CICORE.BRANCH_VERIFICATION_CONF (ID, BRANCH_ID, PRODUCT_ID, VERIFICATION_ID) values (12, 1, 2, 2);
insert into S40CICORE.BRANCH_VERIFICATION_CONF (ID, BRANCH_ID, PRODUCT_ID, VERIFICATION_ID) values (13, 1, 2, 3);
insert into S40CICORE.BRANCH_VERIFICATION_CONF (ID, BRANCH_ID, PRODUCT_ID, VERIFICATION_ID) values (14, 1, 2, 4);
insert into S40CICORE.BRANCH_VERIFICATION_CONF (ID, BRANCH_ID, PRODUCT_ID, VERIFICATION_ID) values (15, 1, 2, 5);
insert into S40CICORE.BRANCH_VERIFICATION_CONF (ID, BRANCH_ID, PRODUCT_ID, VERIFICATION_ID) values (16, 1, 2, 6);
insert into S40CICORE.BRANCH_VERIFICATION_CONF (ID, BRANCH_ID, PRODUCT_ID, VERIFICATION_ID) values (17, 1, 2, 7);
insert into S40CICORE.BRANCH_VERIFICATION_CONF (ID, BRANCH_ID, PRODUCT_ID, VERIFICATION_ID) values (18, 1, 2, 8);
insert into S40CICORE.BRANCH_VERIFICATION_CONF (ID, BRANCH_ID, PRODUCT_ID, VERIFICATION_ID) values (19, 1, 2, 9);
insert into S40CICORE.BRANCH_VERIFICATION_CONF (ID, BRANCH_ID, PRODUCT_ID, VERIFICATION_ID) values (20, 1, 3, 1);
insert into S40CICORE.BRANCH_VERIFICATION_CONF (ID, BRANCH_ID, PRODUCT_ID, VERIFICATION_ID) values (21, 1, 3, 2);
insert into S40CICORE.BRANCH_VERIFICATION_CONF (ID, BRANCH_ID, PRODUCT_ID, VERIFICATION_ID) values (22, 1, 3, 3);
insert into S40CICORE.BRANCH_VERIFICATION_CONF (ID, BRANCH_ID, PRODUCT_ID, VERIFICATION_ID) values (23, 1, 3, 4);
insert into S40CICORE.BRANCH_VERIFICATION_CONF (ID, BRANCH_ID, PRODUCT_ID, VERIFICATION_ID) values (24, 1, 3, 5);
insert into S40CICORE.BRANCH_VERIFICATION_CONF (ID, BRANCH_ID, PRODUCT_ID, VERIFICATION_ID) values (25, 1, 3, 6);
insert into S40CICORE.BRANCH_VERIFICATION_CONF (ID, BRANCH_ID, PRODUCT_ID, VERIFICATION_ID) values (26, 1, 3, 7);
insert into S40CICORE.BRANCH_VERIFICATION_CONF (ID, BRANCH_ID, PRODUCT_ID, VERIFICATION_ID) values (27, 1, 3, 8);
insert into S40CICORE.BRANCH_VERIFICATION_CONF (ID, BRANCH_ID, PRODUCT_ID, VERIFICATION_ID) values (28, 1, 3, 9);
insert into S40CICORE.BRANCH_VERIFICATION_CONF (ID, BRANCH_ID, PRODUCT_ID, VERIFICATION_ID) values (29, 1, 4, 1);
insert into S40CICORE.BRANCH_VERIFICATION_CONF (ID, BRANCH_ID, PRODUCT_ID, VERIFICATION_ID) values (30, 1, 4, 2);
insert into S40CICORE.BRANCH_VERIFICATION_CONF (ID, BRANCH_ID, PRODUCT_ID, VERIFICATION_ID) values (31, 1, 4, 3);
insert into S40CICORE.BRANCH_VERIFICATION_CONF (ID, BRANCH_ID, PRODUCT_ID, VERIFICATION_ID) values (32, 1, 4, 4);
insert into S40CICORE.BRANCH_VERIFICATION_CONF (ID, BRANCH_ID, PRODUCT_ID, VERIFICATION_ID) values (33, 1, 4, 5);
insert into S40CICORE.BRANCH_VERIFICATION_CONF (ID, BRANCH_ID, PRODUCT_ID, VERIFICATION_ID) values (34, 1, 4, 6);
insert into S40CICORE.BRANCH_VERIFICATION_CONF (ID, BRANCH_ID, PRODUCT_ID, VERIFICATION_ID) values (35, 1, 4, 7);
insert into S40CICORE.BRANCH_VERIFICATION_CONF (ID, BRANCH_ID, PRODUCT_ID, VERIFICATION_ID) values (36, 1, 4, 8);
insert into S40CICORE.BRANCH_VERIFICATION_CONF (ID, BRANCH_ID, PRODUCT_ID, VERIFICATION_ID) values (37, 1, 4, 9);

insert into S40CICORE.BRANCH_VERIFICATION_CONF (ID, BRANCH_ID, PRODUCT_ID, VERIFICATION_ID) values (38, 2, 1, 1);
insert into S40CICORE.BRANCH_VERIFICATION_CONF (ID, BRANCH_ID, PRODUCT_ID, VERIFICATION_ID) values (39, 2, 1, 2);
insert into S40CICORE.BRANCH_VERIFICATION_CONF (ID, BRANCH_ID, PRODUCT_ID, VERIFICATION_ID) values (40, 2, 1, 3);
insert into S40CICORE.BRANCH_VERIFICATION_CONF (ID, BRANCH_ID, PRODUCT_ID, VERIFICATION_ID) values (41, 2, 1, 4);
insert into S40CICORE.BRANCH_VERIFICATION_CONF (ID, BRANCH_ID, PRODUCT_ID, VERIFICATION_ID) values (42, 2, 1, 5);
insert into S40CICORE.BRANCH_VERIFICATION_CONF (ID, BRANCH_ID, PRODUCT_ID, VERIFICATION_ID) values (43, 2, 1, 6);
insert into S40CICORE.BRANCH_VERIFICATION_CONF (ID, BRANCH_ID, PRODUCT_ID, VERIFICATION_ID) values (44, 2, 1, 7);
insert into S40CICORE.BRANCH_VERIFICATION_CONF (ID, BRANCH_ID, PRODUCT_ID, VERIFICATION_ID) values (45, 2, 1, 8);
insert into S40CICORE.BRANCH_VERIFICATION_CONF (ID, BRANCH_ID, PRODUCT_ID, VERIFICATION_ID) values (46, 2, 1, 9);
insert into S40CICORE.BRANCH_VERIFICATION_CONF (ID, BRANCH_ID, PRODUCT_ID, VERIFICATION_ID) values (47, 2, 2, 1);
insert into S40CICORE.BRANCH_VERIFICATION_CONF (ID, BRANCH_ID, PRODUCT_ID, VERIFICATION_ID) values (48, 2, 2, 2);
insert into S40CICORE.BRANCH_VERIFICATION_CONF (ID, BRANCH_ID, PRODUCT_ID, VERIFICATION_ID) values (49, 2, 2, 3);
insert into S40CICORE.BRANCH_VERIFICATION_CONF (ID, BRANCH_ID, PRODUCT_ID, VERIFICATION_ID) values (50, 2, 2, 4);
insert into S40CICORE.BRANCH_VERIFICATION_CONF (ID, BRANCH_ID, PRODUCT_ID, VERIFICATION_ID) values (51, 2, 2, 5);
insert into S40CICORE.BRANCH_VERIFICATION_CONF (ID, BRANCH_ID, PRODUCT_ID, VERIFICATION_ID) values (52, 2, 2, 6);
insert into S40CICORE.BRANCH_VERIFICATION_CONF (ID, BRANCH_ID, PRODUCT_ID, VERIFICATION_ID) values (53, 2, 2, 7);
insert into S40CICORE.BRANCH_VERIFICATION_CONF (ID, BRANCH_ID, PRODUCT_ID, VERIFICATION_ID) values (54, 2, 2, 8);
insert into S40CICORE.BRANCH_VERIFICATION_CONF (ID, BRANCH_ID, PRODUCT_ID, VERIFICATION_ID) values (55, 2, 2, 9);
insert into S40CICORE.BRANCH_VERIFICATION_CONF (ID, BRANCH_ID, PRODUCT_ID, VERIFICATION_ID) values (56, 2, 3, 1);
insert into S40CICORE.BRANCH_VERIFICATION_CONF (ID, BRANCH_ID, PRODUCT_ID, VERIFICATION_ID) values (57, 2, 3, 2);
insert into S40CICORE.BRANCH_VERIFICATION_CONF (ID, BRANCH_ID, PRODUCT_ID, VERIFICATION_ID) values (58, 2, 3, 3);
insert into S40CICORE.BRANCH_VERIFICATION_CONF (ID, BRANCH_ID, PRODUCT_ID, VERIFICATION_ID) values (59, 2, 3, 4);
insert into S40CICORE.BRANCH_VERIFICATION_CONF (ID, BRANCH_ID, PRODUCT_ID, VERIFICATION_ID) values (60, 2, 3, 5);
insert into S40CICORE.BRANCH_VERIFICATION_CONF (ID, BRANCH_ID, PRODUCT_ID, VERIFICATION_ID) values (61, 2, 3, 6);
insert into S40CICORE.BRANCH_VERIFICATION_CONF (ID, BRANCH_ID, PRODUCT_ID, VERIFICATION_ID) values (62, 2, 3, 7);
insert into S40CICORE.BRANCH_VERIFICATION_CONF (ID, BRANCH_ID, PRODUCT_ID, VERIFICATION_ID) values (63, 2, 3, 8);
insert into S40CICORE.BRANCH_VERIFICATION_CONF (ID, BRANCH_ID, PRODUCT_ID, VERIFICATION_ID) values (64, 2, 3, 9);
insert into S40CICORE.BRANCH_VERIFICATION_CONF (ID, BRANCH_ID, PRODUCT_ID, VERIFICATION_ID) values (65, 2, 4, 1);
insert into S40CICORE.BRANCH_VERIFICATION_CONF (ID, BRANCH_ID, PRODUCT_ID, VERIFICATION_ID) values (66, 2, 4, 2);
insert into S40CICORE.BRANCH_VERIFICATION_CONF (ID, BRANCH_ID, PRODUCT_ID, VERIFICATION_ID) values (67, 2, 4, 3);
insert into S40CICORE.BRANCH_VERIFICATION_CONF (ID, BRANCH_ID, PRODUCT_ID, VERIFICATION_ID) values (68, 2, 4, 4);
insert into S40CICORE.BRANCH_VERIFICATION_CONF (ID, BRANCH_ID, PRODUCT_ID, VERIFICATION_ID) values (69, 2, 4, 5);
insert into S40CICORE.BRANCH_VERIFICATION_CONF (ID, BRANCH_ID, PRODUCT_ID, VERIFICATION_ID) values (70, 2, 4, 6);
insert into S40CICORE.BRANCH_VERIFICATION_CONF (ID, BRANCH_ID, PRODUCT_ID, VERIFICATION_ID) values (71, 2, 4, 7);
insert into S40CICORE.BRANCH_VERIFICATION_CONF (ID, BRANCH_ID, PRODUCT_ID, VERIFICATION_ID) values (72, 2, 4, 8);
insert into S40CICORE.BRANCH_VERIFICATION_CONF (ID, BRANCH_ID, PRODUCT_ID, VERIFICATION_ID) values (73, 2, 4, 9);

insert into S40CICORE.BRANCH_VERIFICATION_CONF (ID, BRANCH_ID, PRODUCT_ID, VERIFICATION_ID) values (74, 3, 1, 1);
insert into S40CICORE.BRANCH_VERIFICATION_CONF (ID, BRANCH_ID, PRODUCT_ID, VERIFICATION_ID) values (75, 3, 1, 2);
insert into S40CICORE.BRANCH_VERIFICATION_CONF (ID, BRANCH_ID, PRODUCT_ID, VERIFICATION_ID) values (76, 3, 1, 3);
insert into S40CICORE.BRANCH_VERIFICATION_CONF (ID, BRANCH_ID, PRODUCT_ID, VERIFICATION_ID) values (77, 3, 1, 4);
insert into S40CICORE.BRANCH_VERIFICATION_CONF (ID, BRANCH_ID, PRODUCT_ID, VERIFICATION_ID) values (78, 3, 1, 5);
insert into S40CICORE.BRANCH_VERIFICATION_CONF (ID, BRANCH_ID, PRODUCT_ID, VERIFICATION_ID) values (79, 3, 1, 6);
insert into S40CICORE.BRANCH_VERIFICATION_CONF (ID, BRANCH_ID, PRODUCT_ID, VERIFICATION_ID) values (80, 3, 1, 7);
insert into S40CICORE.BRANCH_VERIFICATION_CONF (ID, BRANCH_ID, PRODUCT_ID, VERIFICATION_ID) values (81, 3, 1, 8);
insert into S40CICORE.BRANCH_VERIFICATION_CONF (ID, BRANCH_ID, PRODUCT_ID, VERIFICATION_ID) values (82, 3, 1, 9);
insert into S40CICORE.BRANCH_VERIFICATION_CONF (ID, BRANCH_ID, PRODUCT_ID, VERIFICATION_ID) values (83, 3, 2, 1);
insert into S40CICORE.BRANCH_VERIFICATION_CONF (ID, BRANCH_ID, PRODUCT_ID, VERIFICATION_ID) values (84, 3, 2, 2);
insert into S40CICORE.BRANCH_VERIFICATION_CONF (ID, BRANCH_ID, PRODUCT_ID, VERIFICATION_ID) values (85, 3, 2, 3);
insert into S40CICORE.BRANCH_VERIFICATION_CONF (ID, BRANCH_ID, PRODUCT_ID, VERIFICATION_ID) values (86, 3, 2, 4);
insert into S40CICORE.BRANCH_VERIFICATION_CONF (ID, BRANCH_ID, PRODUCT_ID, VERIFICATION_ID) values (87, 3, 2, 5);
insert into S40CICORE.BRANCH_VERIFICATION_CONF (ID, BRANCH_ID, PRODUCT_ID, VERIFICATION_ID) values (88, 3, 2, 6);
insert into S40CICORE.BRANCH_VERIFICATION_CONF (ID, BRANCH_ID, PRODUCT_ID, VERIFICATION_ID) values (89, 3, 2, 7);
insert into S40CICORE.BRANCH_VERIFICATION_CONF (ID, BRANCH_ID, PRODUCT_ID, VERIFICATION_ID) values (90, 3, 2, 8);
insert into S40CICORE.BRANCH_VERIFICATION_CONF (ID, BRANCH_ID, PRODUCT_ID, VERIFICATION_ID) values (91, 3, 2, 9);
insert into S40CICORE.BRANCH_VERIFICATION_CONF (ID, BRANCH_ID, PRODUCT_ID, VERIFICATION_ID) values (92, 3, 3, 1);
insert into S40CICORE.BRANCH_VERIFICATION_CONF (ID, BRANCH_ID, PRODUCT_ID, VERIFICATION_ID) values (93, 3, 3, 2);
insert into S40CICORE.BRANCH_VERIFICATION_CONF (ID, BRANCH_ID, PRODUCT_ID, VERIFICATION_ID) values (94, 3, 3, 3);
insert into S40CICORE.BRANCH_VERIFICATION_CONF (ID, BRANCH_ID, PRODUCT_ID, VERIFICATION_ID) values (95, 3, 3, 4);
insert into S40CICORE.BRANCH_VERIFICATION_CONF (ID, BRANCH_ID, PRODUCT_ID, VERIFICATION_ID) values (96, 3, 3, 5);
insert into S40CICORE.BRANCH_VERIFICATION_CONF (ID, BRANCH_ID, PRODUCT_ID, VERIFICATION_ID) values (97, 3, 3, 6);
insert into S40CICORE.BRANCH_VERIFICATION_CONF (ID, BRANCH_ID, PRODUCT_ID, VERIFICATION_ID) values (98, 3, 3, 7);
insert into S40CICORE.BRANCH_VERIFICATION_CONF (ID, BRANCH_ID, PRODUCT_ID, VERIFICATION_ID) values (99, 3, 3, 8);
insert into S40CICORE.BRANCH_VERIFICATION_CONF (ID, BRANCH_ID, PRODUCT_ID, VERIFICATION_ID) values (100, 3, 3, 9);
insert into S40CICORE.BRANCH_VERIFICATION_CONF (ID, BRANCH_ID, PRODUCT_ID, VERIFICATION_ID) values (101, 3, 4, 1);
insert into S40CICORE.BRANCH_VERIFICATION_CONF (ID, BRANCH_ID, PRODUCT_ID, VERIFICATION_ID) values (102, 3, 4, 2);
insert into S40CICORE.BRANCH_VERIFICATION_CONF (ID, BRANCH_ID, PRODUCT_ID, VERIFICATION_ID) values (103, 3, 4, 3);
insert into S40CICORE.BRANCH_VERIFICATION_CONF (ID, BRANCH_ID, PRODUCT_ID, VERIFICATION_ID) values (104, 3, 4, 4);
insert into S40CICORE.BRANCH_VERIFICATION_CONF (ID, BRANCH_ID, PRODUCT_ID, VERIFICATION_ID) values (105, 3, 4, 5);
insert into S40CICORE.BRANCH_VERIFICATION_CONF (ID, BRANCH_ID, PRODUCT_ID, VERIFICATION_ID) values (106, 3, 4, 6);
insert into S40CICORE.BRANCH_VERIFICATION_CONF (ID, BRANCH_ID, PRODUCT_ID, VERIFICATION_ID) values (107, 3, 4, 7);
insert into S40CICORE.BRANCH_VERIFICATION_CONF (ID, BRANCH_ID, PRODUCT_ID, VERIFICATION_ID) values (108, 3, 4, 8);
insert into S40CICORE.BRANCH_VERIFICATION_CONF (ID, BRANCH_ID, PRODUCT_ID, VERIFICATION_ID) values (109, 3, 4, 9);

insert into S40CICORE.BRANCH_VERIFICATION_CONF (ID, BRANCH_ID, PRODUCT_ID, VERIFICATION_ID) values (110, 4, 1, 1);
insert into S40CICORE.BRANCH_VERIFICATION_CONF (ID, BRANCH_ID, PRODUCT_ID, VERIFICATION_ID) values (111, 5, 1, 1);
insert into S40CICORE.BRANCH_VERIFICATION_CONF (ID, BRANCH_ID, PRODUCT_ID, VERIFICATION_ID) values (112, 6, 1, 1);
insert into S40CICORE.BRANCH_VERIFICATION_CONF (ID, BRANCH_ID, PRODUCT_ID, VERIFICATION_ID) values (113, 7, 3, 1);
insert into S40CICORE.BRANCH_VERIFICATION_CONF (ID, BRANCH_ID, PRODUCT_ID, VERIFICATION_ID) values (114, 8, 3, 1);
insert into S40CICORE.BRANCH_VERIFICATION_CONF (ID, BRANCH_ID, PRODUCT_ID, VERIFICATION_ID) values (115, 9, 3, 1);

-- ANNOUNCEMENT --
insert into S40CICORE.GLOBAL_ANNOUNCEMENT (ID, MESSAGE, TYPE) values (1, 'global announcement demo','WARNING');
insert into S40CICORE.PROJECT_ANNOUNCEMENT (ID, MESSAGE, TYPE, PROJECT_ID) values (2, 'project announcement demo','INFO', 1);
insert into S40CICORE.JOB_ANNOUNCEMENT (ID, MESSAGE, TYPE, JOB_ID) values (3, 'job announcement demo','FATAL', 1);

-- LOADBALANCER --
insert into S40CICORE.SLAVEPOOL ( ID, CREATED, NAME )values(1, CURRENT_TIMESTAMP, 'ci20_evo' );
insert into S40CICORE.SLAVEPOOL ( ID, CREATED, NAME )values(2, CURRENT_TIMESTAMP, 'ci20_entry_ecl' );

insert into S40CICORE.SLAVELABEL ( ID, CREATED, NAME )values(1, CURRENT_TIMESTAMP, 'win_Beijing' );
insert into S40CICORE.SLAVELABEL ( ID, CREATED, NAME )values(2, CURRENT_TIMESTAMP, 'oulu_slave' );

insert into S40CICORE.SLAVE (ID,CREATED,ENDSCRIPT ,HOST ,PORT,STARTSCRIPT ,WORKSPACE) values ( 1,CURRENT_TIMESTAMP,'/nokia/apps/s40ci/tools/scripts/lb_end_script.sh','oucis017.europe.nokia.com',22,'/nokia/apps/s40ci/tools/scripts/lb_slave_launcher_2.sh','/local/groups/workspace/' );
insert into S40CICORE.SLAVE (ID,CREATED,ENDSCRIPT ,HOST ,PORT,STARTSCRIPT ,WORKSPACE) values ( 2,CURRENT_TIMESTAMP,'/nokia/apps/s40ci/tools/scripts/lb_end_script.sh','oucis017.europe.nokia.com',22,'/nokia/apps/s40ci/tools/scripts/lb_slave_launcher_2.sh','/local/groups/workspace/' );
insert into S40CICORE.SLAVE (ID,CREATED,ENDSCRIPT ,HOST ,PORT,STARTSCRIPT ,WORKSPACE) values ( 3,CURRENT_TIMESTAMP,'/nokia/apps/s40ci/tools/scripts/lb_end_script.sh','oucis017.europe.nokia.com',22,'/nokia/apps/s40ci/tools/scripts/lb_slave_launcher_2.sh','/local/groups/workspace/' );
insert into S40CICORE.SLAVE (ID,CREATED,ENDSCRIPT ,HOST ,PORT,STARTSCRIPT ,WORKSPACE) values ( 4,CURRENT_TIMESTAMP,'/nokia/apps/s40ci/tools/scripts/lb_end_script.sh','oucis017.europe.nokia.com',22,'/nokia/apps/s40ci/tools/scripts/lb_slave_launcher_2.sh','/local/groups/workspace/' );
insert into S40CICORE.SLAVE (ID,CREATED,ENDSCRIPT ,HOST ,PORT,STARTSCRIPT ,WORKSPACE) values ( 5,CURRENT_TIMESTAMP,'/nokia/apps/s40ci/tools/scripts/lb_end_script.sh','oucis017.europe.nokia.com',22,'/nokia/apps/s40ci/tools/scripts/lb_slave_launcher_2.sh','/local/groups/workspace/' );

insert into S40CICORE.SLAVE (ID,CREATED,ENDSCRIPT ,HOST ,PORT,STARTSCRIPT ,WORKSPACE) values ( 7,CURRENT_TIMESTAMP,'/nokia/apps/s40ci/tools/scripts/lb_end_script.sh','oucis018.europe.nokia.com',22,'/nokia/apps/s40ci/tools/scripts/lb_slave_launcher_2.sh','/local/groups/workspace/' );
insert into S40CICORE.SLAVE (ID,CREATED,ENDSCRIPT ,HOST ,PORT,STARTSCRIPT ,WORKSPACE) values ( 8,CURRENT_TIMESTAMP,'/nokia/apps/s40ci/tools/scripts/lb_end_script.sh','oucis018.europe.nokia.com',22,'/nokia/apps/s40ci/tools/scripts/lb_slave_launcher_2.sh','/local/groups/workspace/' );
insert into S40CICORE.SLAVE (ID,CREATED,ENDSCRIPT ,HOST ,PORT,STARTSCRIPT ,WORKSPACE) values ( 9,CURRENT_TIMESTAMP,'/nokia/apps/s40ci/tools/scripts/lb_end_script.sh','oucis018.europe.nokia.com',22,'/nokia/apps/s40ci/tools/scripts/lb_slave_launcher_2.sh','/local/groups/workspace/' );
insert into S40CICORE.SLAVE (ID,CREATED,ENDSCRIPT ,HOST ,PORT,STARTSCRIPT ,WORKSPACE) values (10,CURRENT_TIMESTAMP,'/nokia/apps/s40ci/tools/scripts/lb_end_script.sh','oucis018.europe.nokia.com',22,'/nokia/apps/s40ci/tools/scripts/lb_slave_launcher_2.sh','/local/groups/workspace/' );
insert into S40CICORE.SLAVE (ID,CREATED,ENDSCRIPT ,HOST ,PORT,STARTSCRIPT ,WORKSPACE) values (11,CURRENT_TIMESTAMP,'/nokia/apps/s40ci/tools/scripts/lb_end_script.sh','oucis018.europe.nokia.com',22,'/nokia/apps/s40ci/tools/scripts/lb_slave_launcher_2.sh','/local/groups/workspace/' );

insert into S40CICORE.SLAVE (ID,CREATED,ENDSCRIPT ,HOST ,PORT,STARTSCRIPT ,WORKSPACE ,CURRENTMASTER) values (12,CURRENT_TIMESTAMP,'/nokia/apps/s40ci/tools/scripts/lb_end_script.sh','becis007.europe.nokia.com',22,'/nokia/apps/s40ci/tools/scripts/lb_slave_launcher_2.sh','/local/groups/workspace/',NULL);
insert into S40CICORE.SLAVE (ID,CREATED,ENDSCRIPT ,HOST ,PORT,STARTSCRIPT ,WORKSPACE , CURRENTMASTER) values (13,CURRENT_TIMESTAMP,NULL,'bewnose001.europe.nokia.com',22,'E:\slave_wrapper\slave_wrapper.bat' ,'E:\\jenkins\\','http://becim002.china.nokia.com:8080/');
insert into S40CICORE.SLAVE (ID,CREATED,ENDSCRIPT ,HOST ,PORT,STARTSCRIPT ,WORKSPACE ,CURRENTMASTER) values (14,CURRENT_TIMESTAMP,'/nokia/apps/s40ci/tools/scripts/lb_end_script.sh','oucis073.europe.nokia.com',22,'/nokia/apps/s40ci/tools/scripts/lb_slave_launcher_2.sh','/local/groups/workspace/',NULL);
insert into S40CICORE.SLAVE (ID,CREATED,ENDSCRIPT ,HOST ,PORT,STARTSCRIPT ,WORKSPACE) values (15,CURRENT_TIMESTAMP,'/nokia/apps/s40ci/tools/scripts/lb_end_script.sh','oucis017.europe.nokia.com',22,'/nokia/apps/s40ci/tools/scripts/lb_slave_launcher_2.sh','/local/groups/workspace/' );
insert into S40CICORE.SLAVE (ID,CREATED,ENDSCRIPT ,HOST ,PORT,STARTSCRIPT ,WORKSPACE) values (16,CURRENT_TIMESTAMP,'/nokia/apps/s40ci/tools/scripts/lb_end_script.sh','oucis018.europe.nokia.com',22,'/nokia/apps/s40ci/tools/scripts/lb_slave_launcher_2.sh','/local/groups/workspace/' );

insert into S40CICORE.SLAVE_SLAVEPOOL ( SLAVES_ID, SLAVEPOOLS_ID ) values (1, 1);
insert into S40CICORE.SLAVE_SLAVEPOOL ( SLAVES_ID, SLAVEPOOLS_ID ) values (2, 1);
insert into S40CICORE.SLAVE_SLAVEPOOL ( SLAVES_ID, SLAVEPOOLS_ID ) values (3, 1);
insert into S40CICORE.SLAVE_SLAVEPOOL ( SLAVES_ID, SLAVEPOOLS_ID ) values (4, 1);
insert into S40CICORE.SLAVE_SLAVEPOOL ( SLAVES_ID, SLAVEPOOLS_ID ) values (5, 1);
insert into S40CICORE.SLAVE_SLAVEPOOL ( SLAVES_ID, SLAVEPOOLS_ID ) values (7, 1);
insert into S40CICORE.SLAVE_SLAVEPOOL ( SLAVES_ID, SLAVEPOOLS_ID ) values (8, 1);
insert into S40CICORE.SLAVE_SLAVEPOOL ( SLAVES_ID, SLAVEPOOLS_ID ) values (9, 1);
insert into S40CICORE.SLAVE_SLAVEPOOL ( SLAVES_ID, SLAVEPOOLS_ID ) values (10, 1);
insert into S40CICORE.SLAVE_SLAVEPOOL ( SLAVES_ID, SLAVEPOOLS_ID ) values (11, 1);
insert into S40CICORE.SLAVE_SLAVEPOOL ( SLAVES_ID, SLAVEPOOLS_ID ) values (12, 2);
insert into S40CICORE.SLAVE_SLAVEPOOL ( SLAVES_ID, SLAVEPOOLS_ID ) values (13, 2);
insert into S40CICORE.SLAVE_SLAVEPOOL ( SLAVES_ID, SLAVEPOOLS_ID ) values (14, 1);
insert into S40CICORE.SLAVE_SLAVEPOOL ( SLAVES_ID, SLAVEPOOLS_ID ) values (15, 1);
insert into S40CICORE.SLAVE_SLAVEPOOL ( SLAVES_ID, SLAVEPOOLS_ID ) values (16, 1);

insert into S40CICORE.SLAVE_SLAVELABEL ( SLAVES_ID, SLAVELABELS_ID ) values(13, 1);
insert into S40CICORE.SLAVE_SLAVELABEL ( SLAVES_ID, SLAVELABELS_ID ) values(14, 2);