-- INSERTS --

-- Projects --
insert into S40CICORE.PROJECT (ID, "NAME", DISPLAYNAME, DESCRIPTION) values (3, 's40_ecl', 'S40 Entry&Engine SW (ECL)', '');
insert into S40CICORE.PROJECT (ID, "NAME", DISPLAYNAME, DESCRIPTION) values (4, 's40_ecl_3g', 'S40 Entry&Engine SW (ECL 3G)', '');
insert into S40CICORE.PROJECT (ID, "NAME", DISPLAYNAME, DESCRIPTION) values (5, 's40_ng', 'S40 NG System Integration', 'System integration done together for NG Middleware & Engine + YAPAS');
-- Branches --
insert into S40CICORE.BRANCH (ID, "NAME", "TYPE", PROJECT_ID) values (5, 'develop', 'DEVELOPMENT', 2);
insert into S40CICORE.BRANCH (ID, "NAME", "TYPE", PROJECT_ID) values (6, 'develop', 'DEVELOPMENT', 3);
insert into S40CICORE.BRANCH (ID, "NAME", "TYPE", PROJECT_ID) values (7, 'toolbox', 'TOOLBOX', 3);
insert into S40CICORE.BRANCH (ID, "NAME", "TYPE", PROJECT_ID) values (8, 'develop', 'DEVELOPMENT', 4);
insert into S40CICORE.BRANCH (ID, "NAME", "TYPE", PROJECT_ID) values (9, 'toolbox', 'TOOLBOX', 4);
insert into S40CICORE.BRANCH (ID, "NAME", "TYPE", PROJECT_ID) values (10, 'CI_merge', 'DEVELOPMENT', 5);
insert into S40CICORE.BRANCH (ID, "NAME", "TYPE", PROJECT_ID) values (11, 'toolbox', 'TOOLBOX', 5);
-- Products --
insert into S40CICORE.PRODUCT (ID, "NAME") values (6, 'aqua_ds');
insert into S40CICORE.PRODUCT (ID, "NAME") values (7, 'aqua_ss');

-- Project products for s40_ng_mw --
insert into S40CICORE.PROJECT_PRODUCT (PROJECTS_ID, PRODUCTS_ID) values (1, 6);
insert into S40CICORE.PROJECT_PRODUCT (PROJECTS_ID, PRODUCTS_ID) values (1, 7);
-- Project verification configurations for s40_ng_mw --
insert into S40CICORE.PROJECT_VERIFICATION_CONF (ID, PROJECT_ID, PRODUCT_ID, VERIFICATION_ID) values (54, 1, 6, 1);
insert into S40CICORE.PROJECT_VERIFICATION_CONF (ID, PROJECT_ID, PRODUCT_ID, VERIFICATION_ID) values (55, 1, 6, 2);
insert into S40CICORE.PROJECT_VERIFICATION_CONF (ID, PROJECT_ID, PRODUCT_ID, VERIFICATION_ID) values (56, 1, 6, 3);
insert into S40CICORE.PROJECT_VERIFICATION_CONF (ID, PROJECT_ID, PRODUCT_ID, VERIFICATION_ID) values (57, 1, 6, 4);
insert into S40CICORE.PROJECT_VERIFICATION_CONF (ID, PROJECT_ID, PRODUCT_ID, VERIFICATION_ID) values (58, 1, 6, 5);
insert into S40CICORE.PROJECT_VERIFICATION_CONF (ID, PROJECT_ID, PRODUCT_ID, VERIFICATION_ID) values (59, 1, 6, 6);
insert into S40CICORE.PROJECT_VERIFICATION_CONF (ID, PROJECT_ID, PRODUCT_ID, VERIFICATION_ID) values (60, 1, 6, 7);
insert into S40CICORE.PROJECT_VERIFICATION_CONF (ID, PROJECT_ID, PRODUCT_ID, VERIFICATION_ID) values (61, 1, 6, 8);
insert into S40CICORE.PROJECT_VERIFICATION_CONF (ID, PROJECT_ID, PRODUCT_ID, VERIFICATION_ID) values (62, 1, 6, 9);
insert into S40CICORE.PROJECT_VERIFICATION_CONF (ID, PROJECT_ID, PRODUCT_ID, VERIFICATION_ID) values (63, 1, 6, 10);
insert into S40CICORE.PROJECT_VERIFICATION_CONF (ID, PROJECT_ID, PRODUCT_ID, VERIFICATION_ID) values (64, 1, 7, 1);
insert into S40CICORE.PROJECT_VERIFICATION_CONF (ID, PROJECT_ID, PRODUCT_ID, VERIFICATION_ID) values (65, 1, 7, 2);
insert into S40CICORE.PROJECT_VERIFICATION_CONF (ID, PROJECT_ID, PRODUCT_ID, VERIFICATION_ID) values (66, 1, 7, 3);
insert into S40CICORE.PROJECT_VERIFICATION_CONF (ID, PROJECT_ID, PRODUCT_ID, VERIFICATION_ID) values (67, 1, 7, 4);
insert into S40CICORE.PROJECT_VERIFICATION_CONF (ID, PROJECT_ID, PRODUCT_ID, VERIFICATION_ID) values (68, 1, 7, 5);
insert into S40CICORE.PROJECT_VERIFICATION_CONF (ID, PROJECT_ID, PRODUCT_ID, VERIFICATION_ID) values (69, 1, 7, 6);
insert into S40CICORE.PROJECT_VERIFICATION_CONF (ID, PROJECT_ID, PRODUCT_ID, VERIFICATION_ID) values (70, 1, 7, 7);
insert into S40CICORE.PROJECT_VERIFICATION_CONF (ID, PROJECT_ID, PRODUCT_ID, VERIFICATION_ID) values (71, 1, 7, 8);
insert into S40CICORE.PROJECT_VERIFICATION_CONF (ID, PROJECT_ID, PRODUCT_ID, VERIFICATION_ID) values (72, 1, 7, 9);
insert into S40CICORE.PROJECT_VERIFICATION_CONF (ID, PROJECT_ID, PRODUCT_ID, VERIFICATION_ID) values (73, 1, 7, 10);

-- Project products for s40_ng_ui --
insert into S40CICORE.PROJECT_PRODUCT (PROJECTS_ID, PRODUCTS_ID) values (2, 6);
insert into S40CICORE.PROJECT_PRODUCT (PROJECTS_ID, PRODUCTS_ID) values (2, 7);
-- Project verification configurations fro s40_ng_ui --
insert into S40CICORE.PROJECT_VERIFICATION_CONF (ID, PROJECT_ID, PRODUCT_ID, VERIFICATION_ID) values (74, 2, 6, 11);
insert into S40CICORE.PROJECT_VERIFICATION_CONF (ID, PROJECT_ID, PRODUCT_ID, VERIFICATION_ID) values (75, 2, 6, 12);
insert into S40CICORE.PROJECT_VERIFICATION_CONF (ID, PROJECT_ID, PRODUCT_ID, VERIFICATION_ID) values (76, 2, 6, 13);
insert into S40CICORE.PROJECT_VERIFICATION_CONF (ID, PROJECT_ID, PRODUCT_ID, VERIFICATION_ID) values (77, 2, 7, 11);
insert into S40CICORE.PROJECT_VERIFICATION_CONF (ID, PROJECT_ID, PRODUCT_ID, VERIFICATION_ID) values (78, 2, 7, 12);
insert into S40CICORE.PROJECT_VERIFICATION_CONF (ID, PROJECT_ID, PRODUCT_ID, VERIFICATION_ID) values (79, 2, 7, 13);


-- UPDATES --

-- Project display name and description for s40_ng_mw
update S40CICORE.PROJECT set DISPLAYNAME = 'S40 NG Middleware&Engine' where ID = 1;
-- Project display name and description for s40_ng_ui
update S40CICORE.PROJECT set DISPLAYNAME = 'S40 NG UI (Yapas)' where ID = 2;

-- Branches for jobs
update S40CICORE.JOB set BRANCH_ID = 2 where "NAME" like '%_ng_mw%';
update S40CICORE.JOB set BRANCH_ID = 5 where "NAME" like '%_ng_ui%';
update S40CICORE.JOB set BRANCH_ID = 6 where "NAME" like '%_ecl_%' and "NAME" not like '%_3g_%';
update S40CICORE.JOB set BRANCH_ID = 8 where "NAME" like '%_ecl_3g_%';
update S40CICORE.JOB set BRANCH_ID = 10 where "NAME" like '%_merge_%';