-- PROJECTS --
insert into S40CICORE.PROJECT (ID, "NAME") values (1, 'evo');

-- BRANCHES --
insert into S40CICORE.BRANCH (ID, "NAME", PROJECT_ID) values (1, 'master', 1);
insert into S40CICORE.BRANCH (ID, "NAME", PROJECT_ID) values (2, 'develop', 1);
insert into S40CICORE.BRANCH (ID, "NAME", PROJECT_ID) values (3, 'toolbox', 1);

-- CI SERVERS --
insert into S40CICORE.CISERVER (ID, PORT, URL) values (1, 8081, 'oucim003.europe.nokia.com');

-- JOBS --
insert into S40CICORE.JOB (ID, DISPLAYNAME, "NAME", URL, BRANCH_ID, "TYPE") values (1, 'Evo Toolbox', 's40_ci_20_evo_toolbox_trigger', null, 3, 'TOOLBOX');

-- PRODUCTS --
insert into S40CICORE.PRODUCT (ID, "NAME") values (1, 'gaia_ds');
insert into S40CICORE.PRODUCT (ID, "NAME") values (2, 'gaia_ss');
insert into S40CICORE.PRODUCT (ID, "NAME") values (3, 'titan_ds');
insert into S40CICORE.PRODUCT (ID, "NAME") values (4, 'titan_ss');

-- VERIFICATIONS --
insert into S40CICORE.VERIFICATION (ID, "NAME") values (1, 'cppunit');
insert into S40CICORE.VERIFICATION (ID, "NAME") values (2, 'eno');
insert into S40CICORE.VERIFICATION (ID, "NAME") values (3, 'isa_ttcn');
insert into S40CICORE.VERIFICATION (ID, "NAME") values (4, 'nose');
insert into S40CICORE.VERIFICATION (ID, "NAME") values (5, 'target');
insert into S40CICORE.VERIFICATION (ID, "NAME") values (6, 'target_with_ui');
insert into S40CICORE.VERIFICATION (ID, "NAME") values (7, 'target_with_ui_image');
insert into S40CICORE.VERIFICATION (ID, "NAME") values (8, 'win_nose');
insert into S40CICORE.VERIFICATION (ID, "NAME") values (9, 'win_nose_no_ui');

-- PROJECT PRODUCTS --
insert into S40CICORE.PROJECT_PRODUCT (PROJECTS_ID, PRODUCTS_ID) values (1, 1);
insert into S40CICORE.PROJECT_PRODUCT (PROJECTS_ID, PRODUCTS_ID) values (1, 2);
insert into S40CICORE.PROJECT_PRODUCT (PROJECTS_ID, PRODUCTS_ID) values (1, 3);
insert into S40CICORE.PROJECT_PRODUCT (PROJECTS_ID, PRODUCTS_ID) values (1, 4);

-- PROJECT VERIFICATIONS --
insert into S40CICORE.PROJECT_VERIFICATION (PROJECTS_ID, VERIFICATIONS_ID) values (1, 1);
insert into S40CICORE.PROJECT_VERIFICATION (PROJECTS_ID, VERIFICATIONS_ID) values (1, 2);
insert into S40CICORE.PROJECT_VERIFICATION (PROJECTS_ID, VERIFICATIONS_ID) values (1, 3);
insert into S40CICORE.PROJECT_VERIFICATION (PROJECTS_ID, VERIFICATIONS_ID) values (1, 4);
insert into S40CICORE.PROJECT_VERIFICATION (PROJECTS_ID, VERIFICATIONS_ID) values (1, 5);
insert into S40CICORE.PROJECT_VERIFICATION (PROJECTS_ID, VERIFICATIONS_ID) values (1, 6);
insert into S40CICORE.PROJECT_VERIFICATION (PROJECTS_ID, VERIFICATIONS_ID) values (1, 7);
insert into S40CICORE.PROJECT_VERIFICATION (PROJECTS_ID, VERIFICATIONS_ID) values (1, 8);
insert into S40CICORE.PROJECT_VERIFICATION (PROJECTS_ID, VERIFICATIONS_ID) values (1, 9);

-- PROJECT VERIFICATION CONFS --
insert into S40CICORE.PROJECT_VERIFICATION_CONF (ID, PROJECT_ID, PRODUCT_ID, VERIFICATION_ID) values (1, 1, 1, 1);
insert into S40CICORE.PROJECT_VERIFICATION_CONF (ID, PROJECT_ID, PRODUCT_ID, VERIFICATION_ID) values (2, 1, 1, 2);
insert into S40CICORE.PROJECT_VERIFICATION_CONF (ID, PROJECT_ID, PRODUCT_ID, VERIFICATION_ID) values (3, 1, 1, 3);
insert into S40CICORE.PROJECT_VERIFICATION_CONF (ID, PROJECT_ID, PRODUCT_ID, VERIFICATION_ID) values (4, 1, 1, 4);
insert into S40CICORE.PROJECT_VERIFICATION_CONF (ID, PROJECT_ID, PRODUCT_ID, VERIFICATION_ID) values (5, 1, 1, 5);
insert into S40CICORE.PROJECT_VERIFICATION_CONF (ID, PROJECT_ID, PRODUCT_ID, VERIFICATION_ID) values (6, 1, 1, 6);
insert into S40CICORE.PROJECT_VERIFICATION_CONF (ID, PROJECT_ID, PRODUCT_ID, VERIFICATION_ID) values (7, 1, 1, 7);
insert into S40CICORE.PROJECT_VERIFICATION_CONF (ID, PROJECT_ID, PRODUCT_ID, VERIFICATION_ID) values (8, 1, 1, 8);
insert into S40CICORE.PROJECT_VERIFICATION_CONF (ID, PROJECT_ID, PRODUCT_ID, VERIFICATION_ID) values (9, 1, 1, 9);
insert into S40CICORE.PROJECT_VERIFICATION_CONF (ID, PROJECT_ID, PRODUCT_ID, VERIFICATION_ID) values (10, 1, 2, 1);
insert into S40CICORE.PROJECT_VERIFICATION_CONF (ID, PROJECT_ID, PRODUCT_ID, VERIFICATION_ID) values (12, 1, 2, 2);
insert into S40CICORE.PROJECT_VERIFICATION_CONF (ID, PROJECT_ID, PRODUCT_ID, VERIFICATION_ID) values (13, 1, 2, 3);
insert into S40CICORE.PROJECT_VERIFICATION_CONF (ID, PROJECT_ID, PRODUCT_ID, VERIFICATION_ID) values (14, 1, 2, 4);
insert into S40CICORE.PROJECT_VERIFICATION_CONF (ID, PROJECT_ID, PRODUCT_ID, VERIFICATION_ID) values (15, 1, 2, 5);
insert into S40CICORE.PROJECT_VERIFICATION_CONF (ID, PROJECT_ID, PRODUCT_ID, VERIFICATION_ID) values (16, 1, 2, 6);
insert into S40CICORE.PROJECT_VERIFICATION_CONF (ID, PROJECT_ID, PRODUCT_ID, VERIFICATION_ID) values (17, 1, 2, 7);
insert into S40CICORE.PROJECT_VERIFICATION_CONF (ID, PROJECT_ID, PRODUCT_ID, VERIFICATION_ID) values (18, 1, 2, 8);
insert into S40CICORE.PROJECT_VERIFICATION_CONF (ID, PROJECT_ID, PRODUCT_ID, VERIFICATION_ID) values (19, 1, 2, 9);
insert into S40CICORE.PROJECT_VERIFICATION_CONF (ID, PROJECT_ID, PRODUCT_ID, VERIFICATION_ID) values (20, 1, 3, 1);
insert into S40CICORE.PROJECT_VERIFICATION_CONF (ID, PROJECT_ID, PRODUCT_ID, VERIFICATION_ID) values (21, 1, 3, 2);
insert into S40CICORE.PROJECT_VERIFICATION_CONF (ID, PROJECT_ID, PRODUCT_ID, VERIFICATION_ID) values (22, 1, 3, 3);
insert into S40CICORE.PROJECT_VERIFICATION_CONF (ID, PROJECT_ID, PRODUCT_ID, VERIFICATION_ID) values (23, 1, 3, 4);
insert into S40CICORE.PROJECT_VERIFICATION_CONF (ID, PROJECT_ID, PRODUCT_ID, VERIFICATION_ID) values (24, 1, 3, 5);
insert into S40CICORE.PROJECT_VERIFICATION_CONF (ID, PROJECT_ID, PRODUCT_ID, VERIFICATION_ID) values (25, 1, 3, 6);
insert into S40CICORE.PROJECT_VERIFICATION_CONF (ID, PROJECT_ID, PRODUCT_ID, VERIFICATION_ID) values (26, 1, 3, 7);
insert into S40CICORE.PROJECT_VERIFICATION_CONF (ID, PROJECT_ID, PRODUCT_ID, VERIFICATION_ID) values (27, 1, 3, 8);
insert into S40CICORE.PROJECT_VERIFICATION_CONF (ID, PROJECT_ID, PRODUCT_ID, VERIFICATION_ID) values (28, 1, 3, 9);
insert into S40CICORE.PROJECT_VERIFICATION_CONF (ID, PROJECT_ID, PRODUCT_ID, VERIFICATION_ID) values (29, 1, 4, 1);
insert into S40CICORE.PROJECT_VERIFICATION_CONF (ID, PROJECT_ID, PRODUCT_ID, VERIFICATION_ID) values (30, 1, 4, 2);
insert into S40CICORE.PROJECT_VERIFICATION_CONF (ID, PROJECT_ID, PRODUCT_ID, VERIFICATION_ID) values (31, 1, 4, 3);
insert into S40CICORE.PROJECT_VERIFICATION_CONF (ID, PROJECT_ID, PRODUCT_ID, VERIFICATION_ID) values (32, 1, 4, 4);
insert into S40CICORE.PROJECT_VERIFICATION_CONF (ID, PROJECT_ID, PRODUCT_ID, VERIFICATION_ID) values (33, 1, 4, 5);
insert into S40CICORE.PROJECT_VERIFICATION_CONF (ID, PROJECT_ID, PRODUCT_ID, VERIFICATION_ID) values (34, 1, 4, 6);
insert into S40CICORE.PROJECT_VERIFICATION_CONF (ID, PROJECT_ID, PRODUCT_ID, VERIFICATION_ID) values (35, 1, 4, 7);
insert into S40CICORE.PROJECT_VERIFICATION_CONF (ID, PROJECT_ID, PRODUCT_ID, VERIFICATION_ID) values (36, 1, 4, 8);
insert into S40CICORE.PROJECT_VERIFICATION_CONF (ID, PROJECT_ID, PRODUCT_ID, VERIFICATION_ID) values (37, 1, 4, 9);