-- NOTE: USE 1-BASED IDS THAT ARE SMALLER THAN 1000 FOR EACH TABLE. SEQUENCE IS SET TO START ID GENERATION FROM FROM 1000 --

-- CLEAR DATA --
set REFERENTIAL_INTEGRITY false;

truncate table S40CICORE.BUILD;
truncate table S40CICORE.BUILD_GROUP;
truncate table S40CICORE.BUILD_BUILD;
truncate table S40CICORE.BUILD_EVENT;
truncate table S40CICORE.BUILD_CUSTOM_PARAMETER;
truncate table S40CICORE.BUILD_INPUT_PARAM;
truncate table S40CICORE.BUILD_VERIFICATION_CONF;
truncate table S40CICORE.CHANGE;
truncate table S40CICORE.CHANGE_FILE;
truncate table S40CICORE.JOB;
truncate table S40CICORE.JOB_VERIFICATION_CONF;
truncate table S40CICORE.JOB_ANNOUNCEMENT;
truncate table S40CICORE.JOB_CUSTOM_VERIFICATION;
truncate table S40CICORE.CISERVER;
truncate table S40CICORE.BRANCH;
truncate table S40CICORE.BRANCH_CISERVER;
truncate table S40CICORE.BRANCH_VERIFICATION_CONF;
truncate table S40CICORE.PRODUCT;
truncate table S40CICORE.VERIFICATION;
truncate table S40CICORE.VERIFICATION_VERIFICATION;
truncate table S40CICORE.PROJECT;
truncate table S40CICORE.PROJECT_PRODUCT;
truncate table S40CICORE.PROJECT_VERIFICATION;
truncate table S40CICORE.PROJECT_VERIFICATION_CONF;
truncate table S40CICORE.PROJECT_EXTERNAL_LINK;
truncate table S40CICORE.PROJECT_ANNOUNCEMENT;
truncate table S40CICORE.PROJECT_GROUP;
truncate table S40CICORE.SYS_CONFIG;
truncate table S40CICORE.GERRIT;
truncate table S40CICORE.GLOBAL_ANNOUNCEMENT;
truncate table S40CICORE.JOB_ANNOUNCEMENT;
truncate table S40CICORE.CUSTOM_PARAM;
truncate table S40CICORE.CUSTOM_PARAM_VALUE;
truncate table S40CICORE.CUSTOM_VERIFICATION_CONF;
truncate table S40CICORE.CUSTOM_VERIFICATION_PARAM;
truncate table S40CICORE.INPUT_PARAM;
truncate table S40CICORE.SLAVE_INSTANCE;
truncate table S40CICORE.SLAVE_MACHINE;
truncate table S40CICORE.SLAVE_POOL;
truncate table S40CICORE.SLAVE_LABEL;
truncate table S40CICORE.VERIFICATION_SLAVE_LABEL;
truncate table S40CICORE.SLAVE_POOL_SLAVE_INSTANCE;
truncate table S40CICORE.SLAVE_INSTANCE_SLAVE_LABEL;
truncate table S40CICORE.SYS_USER;
truncate table S40CICORE.WIDGET;
truncate table S40CICORE.WIDGET_SETTING;
truncate table S40CICORE.PROJECT_USER_ACCESS;
truncate table S40CICORE.BUILD_GROUP_CISERVER;
truncate table S40CICORE.RELEASE;
truncate table S40CICORE.CIHELPTOPIC;
truncate table S40CICORE.CIFAQ;
truncate table S40CICORE.CIRELEASEINFO;
truncate table S40CICORE.PROJECT_CHANGE_TRACKER;
truncate table S40CICORE.BUILD_GROUP_CHANGE;
truncate table S40CICORE.CHANGE_TRACKER;
truncate table S40CICORE.INCIDENT;
truncate table S40CICORE.STATUS_TRIGGER_PATTERN;
truncate table S40CICORE.COMPONENT;
truncate table S40CICORE.MEM_CONSUMPTION;
truncate table S40CICORE.TEST_CASE_STAT;
truncate table S40CICORE.TEST_COVERAGE;
truncate table S40CICORE.TEMPLATE;
truncate table S40CICORE.SLAVE_STAT_PER_POOL;
truncate table S40CICORE.SLAVE_STAT_PER_LABEL;
truncate table S40CICORE.SLAVE_STAT_PER_MACHINE;
truncate table S40CICORE.VERIFICATION_FAILURE_REASON;
truncate table S40CICORE.PROJECT_ADMIN_ACCESS;
truncate table S40CICORE.BUILD_FAILURE;
truncate table S40CICORE.BUILD_FAILURE_REASON;

set REFERENTIAL_INTEGRITY true;

-- SEQUENCE ---
alter sequence S40CICORE.HIBERNATE_SEQUENCE restart with 1000;
alter sequence S40CICORE.CHANGE_SEQ restart with 1000;
alter sequence S40CICORE.CHANGE_FILE_SEQ restart with 1000;
alter sequence S40CICORE.CHANGE_TRACKER_SEQ restart with 1000;

-- SYSCONFIGS --
insert into S40CICORE.SYS_CONFIG (ID, CONFIGKEY, CONFIGVALUE) values (1, 'ALLOW_LOGIN', 'TRUE');
-- insert into S40CICORE.SYS_CONFIG (ID, CONFIGKEY, CONFIGVALUE) values (2, 'METRICS_SERVER_URL', 'http://saepciapp02.ext.nokia.com:8080');
insert into S40CICORE.SYS_CONFIG (ID, CONFIGKEY, CONFIGVALUE) values (7, 'BASE_URL', 'http://localhost:8888');
insert into S40CICORE.SYS_CONFIG (ID, CONFIGKEY, CONFIGVALUE) values (8, 'EMAIL_SENDER_ADDRESS', 'ci20_not_set@noreply.nokia.com');
insert into S40CICORE.SYS_CONFIG (ID, CONFIGKEY, CONFIGVALUE) values (9, 'GERRIT_PROJECT_ACCESS_PORT', '1340');
insert into S40CICORE.SYS_CONFIG (ID, CONFIGKEY, CONFIGVALUE) values (10, 'TAS_PRODUCT_SERVER_URL', 'http://localhost:1339/tas.json');

-- HELP TOPICS --
insert into S40CICORE.CIHELPTOPIC (ID, TOPIC, PAGE, CONTENT) values (1, 'Help needed?', null, 'This is some serious help for you baby');
insert into S40CICORE.CIHELPTOPIC (ID, TOPIC, PAGE, CONTENT) values (2, 'Projects help', 'projects', 'Why do we need any projects?');

-- FAQS --
insert into S40CICORE.CIFAQ (ID, QUESTION, ANSWER) values (1, 'Why am I here?', 'Because CI UI rocks.');
insert into S40CICORE.CIFAQ (ID, QUESTION, ANSWER) values (2, 'What is the meaning of life?', '<h1>42</h1>');

-- GERRITS --
insert into S40CICORE.GERRIT (ID, URL, PORT, PRIVATEKEYPATH, SSHUSERNAME, LISTENSTREAM, PROJECTACCESSHOST, PROJECTACCESSPORT) values
                             (1, 'localhost', 1338, '../../../../../s40-ci-backend-mock/keys/id_dsa', 'account', true, 'localhost', 1340);

-- PROJECTS GROUP --
insert into S40CICORE.PROJECT_GROUP (ID, NAME, DESCRIPTION, CUSTOM_ORDER) values (1, 'Sample group 1','Sample group 1 description',0);
insert into S40CICORE.PROJECT_GROUP (ID, NAME, CUSTOM_ORDER) values (2, 'Sample group 2',1);

-- USERS --
insert into S40CICORE.SYS_USER (ID, EMAIL, LOGINNAME, REALNAME, USERROLE, SYSTEMMETRICSALLOWED, BUILDCLASSIFICATIONALLOWED, NEXTUSER) values (1, 'admin@test.com', 'admin', 'admin MOCK', 'SYSTEM_ADMIN', TRUE, TRUE, TRUE);
insert into S40CICORE.SYS_USER (ID, EMAIL, LOGINNAME, REALNAME, USERROLE, SYSTEMMETRICSALLOWED, BUILDCLASSIFICATIONALLOWED, NEXTUSER) values (2, 'user@test.com', 'user', 'user MOCK', 'USER', TRUE, FALSE, TRUE);
insert into S40CICORE.SYS_USER (ID, EMAIL, LOGINNAME, REALNAME, USERROLE, SYSTEMMETRICSALLOWED, BUILDCLASSIFICATIONALLOWED, NEXTUSER) values (3, 'next.user@test.com', 'e1234567', 'next user MOCK', 'USER', FALSE, FALSE, TRUE);
insert into S40CICORE.SYS_USER (ID, EMAIL, LOGINNAME, REALNAME, USERROLE, SYSTEMMETRICSALLOWED, BUILDCLASSIFICATIONALLOWED, NEXTUSER) values (4, 'project@nokia.com', 'project', 'project admin MOCK', 'PROJECT_ADMIN', TRUE, TRUE, FALSE);

-- USER WIDGETS --
insert into S40CICORE.WIDGET (ID, SYSUSER_ID, CLASSNAME, COLUMNINDEX, ITEMINDEX, HEADER, IDENTIFIER) values (1, 1, 'com.nokia.ci.ui.widget.UserBuildsWidget', 0, 0, 'My last builds', 'myLastBuilds');
insert into S40CICORE.WIDGET (ID, SYSUSER_ID, CLASSNAME, COLUMNINDEX, ITEMINDEX, HEADER, IDENTIFIER) values (2, 1, 'com.nokia.ci.ui.widget.UserJobsWidget', 0, 1, 'My toolbox jobs', 'myToolboxJobs');
insert into S40CICORE.WIDGET (ID, SYSUSER_ID, CLASSNAME, COLUMNINDEX, ITEMINDEX, HEADER, IDENTIFIER) values (3, 1, 'com.nokia.ci.ui.widget.JobBuildsWidget', 0, 2, 'Verification 1 last builds', 'verification1Builds');
insert into S40CICORE.WIDGET (ID, SYSUSER_ID, CLASSNAME, COLUMNINDEX, ITEMINDEX, HEADER, IDENTIFIER) values (4, 1, 'com.nokia.ci.ui.widget.UserBuildsWidget', 0, 3, 'User user Mock last builds', 'user2LastBuilds');

-- WIDGET SETTINGS --
insert into S40CICORE.WIDGET_SETTING (ID, WIDGET_ID, SETTINGKEY, SETTINGVALUE) values (1, 3, 'id', '1');
insert into S40CICORE.WIDGET_SETTING (ID, WIDGET_ID, SETTINGKEY, SETTINGVALUE) values (2, 1, 'id', '1');
insert into S40CICORE.WIDGET_SETTING (ID, WIDGET_ID, SETTINGKEY, SETTINGVALUE) values (3, 4, 'id', '2');
insert into S40CICORE.WIDGET_SETTING (ID, WIDGET_ID, SETTINGKEY, SETTINGVALUE) values (4, 2, 'id', '1');

-- PROJECTS --
insert into S40CICORE.PROJECT (ID, "NAME", DISPLAYNAME, DESCRIPTION, CREATED, CREATEDBY, GERRIT_ID, PROJECTGROUP_ID, GERRITPROJECT) values (1, 'x_project', 'X', 'Project X description.', CURRENT_TIMESTAMP, 'admin', 1,1, 'x_project');
insert into S40CICORE.PROJECT (ID, "NAME", DISPLAYNAME, DESCRIPTION, CREATED, CREATEDBY, GERRIT_ID, PROJECTGROUP_ID, GERRITPROJECT) values (2, 'y_project', 'Y', 'Project Y description.', CURRENT_TIMESTAMP, 'admin', 1,2, 'y_project');
insert into S40CICORE.PROJECT (ID, "NAME", DISPLAYNAME, DESCRIPTION, CREATED, CREATEDBY, GERRIT_ID, GERRITPROJECT) values (3, 'z_project', 'Z', 'Project Z description.', CURRENT_TIMESTAMP, 'admin', 1, 'z_project');
insert into S40CICORE.PROJECT (ID, "NAME", DISPLAYNAME, DESCRIPTION, CREATED, CREATEDBY, GERRIT_ID, GERRITPROJECT) values (4, 'ä_project', 'Ä', 'Project Ä description.', CURRENT_TIMESTAMP, 'admin', 1, 'ä_project');

-- PROJECT USER ACCESS --
insert into S40CICORE.PROJECT_USER_ACCESS (PROJECTACCESS_ID, USERACCESS_ID) values (2, 1);
insert into S40CICORE.PROJECT_USER_ACCESS (PROJECTACCESS_ID, USERACCESS_ID) values (1, 1);
insert into S40CICORE.PROJECT_USER_ACCESS (PROJECTACCESS_ID, USERACCESS_ID) values (1, 2);
insert into S40CICORE.PROJECT_USER_ACCESS (PROJECTACCESS_ID, USERACCESS_ID) values (3, 3);

-- PROJECT ADMIN ACCESS --
insert into S40CICORE.PROJECT_ADMIN_ACCESS (PROJECTADMINACCESS_ID, ADMINACCESS_ID) values (3, 4);

-- PROJECT LINKS --
insert into S40CICORE.PROJECT_EXTERNAL_LINK (ID, DESCRIPTION, URL, PROJECT_ID) values (1, 'Test1', 'http://www.google.com', 1);
insert into S40CICORE.PROJECT_EXTERNAL_LINK (ID, DESCRIPTION, URL, PROJECT_ID) values (2, 'Test2', 'http://www.google.com', 1);

-- BRANCHES --
insert into S40CICORE.BRANCH (ID, "NAME", DISPLAYNAME, PROJECT_ID, "TYPE") values (1, 'develop', 'SCV', 1, 'SINGLE_COMMIT');
insert into S40CICORE.BRANCH (ID, "NAME", DISPLAYNAME, PROJECT_ID, "TYPE") values (2, 'develop', 'DBV', 1, 'DEVELOPMENT');
insert into S40CICORE.BRANCH (ID, "NAME", DISPLAYNAME, PROJECT_ID, "TYPE") values (3, 'toolbox', 'TBV', 1, 'TOOLBOX');

insert into S40CICORE.BRANCH (ID, "NAME", DISPLAYNAME, PROJECT_ID, "TYPE") values (4, 'master', 'MBV', 2, 'DEVELOPMENT');
insert into S40CICORE.BRANCH (ID, "NAME", DISPLAYNAME, PROJECT_ID, "TYPE") values (5, 'develop', 'DBV', 2, 'DEVELOPMENT');
insert into S40CICORE.BRANCH (ID, "NAME", DISPLAYNAME, PROJECT_ID, "TYPE") values (6, 'toolbox', 'TBV', 2, 'TOOLBOX');

insert into S40CICORE.BRANCH (ID, "NAME", DISPLAYNAME, PROJECT_ID, "TYPE") values (7, 'master', 'MBV', 3, 'DEVELOPMENT');
insert into S40CICORE.BRANCH (ID, "NAME", DISPLAYNAME, PROJECT_ID, "TYPE") values (8, 'develop', 'DBV', 3, 'DEVELOPMENT');
insert into S40CICORE.BRANCH (ID, "NAME", DISPLAYNAME, PROJECT_ID, "TYPE") values (9, 'toolbox', 'TBV', 3, 'TOOLBOX');

insert into S40CICORE.BRANCH (ID, "NAME", DISPLAYNAME, PROJECT_ID, "TYPE") values (10, 'master', 'MST', 1, 'MASTER');

insert into S40CICORE.BRANCH (ID, "NAME", DISPLAYNAME, PROJECT_ID, "TYPE") values (11, 'develop', 'SCV', 2, 'SINGLE_COMMIT');
insert into S40CICORE.BRANCH (ID, "NAME", DISPLAYNAME, PROJECT_ID, "TYPE") values (12, 'develop', 'DRAFT', 1, 'DRAFT');

-- JOBS --
insert into S40CICORE.JOB (ID, DISPLAYNAME, "NAME", BRANCH_ID, CREATED, PROJECTID)
        values (1, 'X single commit verification', 's40_ci_20_X_single_commit', 1, CURRENT_TIMESTAMP, 1);

insert into S40CICORE.JOB (ID, DISPLAYNAME, "NAME", BRANCH_ID, CREATED, PROJECTID)
        values (2, 'X development verification', 's40_ci_20_X_development', 2, CURRENT_TIMESTAMP, 1);

insert into S40CICORE.JOB (ID, DISPLAYNAME, "NAME", BRANCH_ID, CREATED, PROJECTID)
        values (3, 'Y single commit verification', 's40_ci_20_Y_single_commit', 11, CURRENT_TIMESTAMP, 2);

insert into S40CICORE.JOB (ID, DISPLAYNAME, "NAME", BRANCH_ID, CREATED, PROJECTID)
        values (4, 'Y development verification', 's40_ci_20_Y_development', 5, CURRENT_TIMESTAMP, 2);

insert into S40CICORE.JOB (ID, DISPLAYNAME, "NAME", BRANCH_ID, CREATED, PROJECTID)
        values (5, 'Z single commit verification', 's40_ci_20_Z_single_commit', 8, CURRENT_TIMESTAMP, 3);

insert into S40CICORE.JOB (ID, DISPLAYNAME, "NAME", BRANCH_ID, CREATED, PROJECTID)
        values (6, 'Z development verification', 's40_ci_20_Z_development', 8, CURRENT_TIMESTAMP, 3);

-- ADMIN TOOLBOX JOB --
insert into S40CICORE.JOB (ID, DISPLAYNAME, "NAME", BRANCH_ID, CREATED, OWNER_ID, CONTACTPERSON, PROJECTID)
        values (7, 'Admin toolbox job 1', 's40_admin_toolbox_job1', 3, CURRENT_TIMESTAMP, 1, 'Admin MOCK', 1);
insert into S40CICORE.JOB (ID, DISPLAYNAME, "NAME", BRANCH_ID, CREATED, OWNER_ID, CONTACTPERSON, PROJECTID)
        values (8, 'Admin toolbox job 2', 's40_admin_toolbox_job2', 6, CURRENT_TIMESTAMP, 1, 'Admin MOCK', 2);
insert into S40CICORE.JOB (ID, DISPLAYNAME, "NAME", BRANCH_ID, CREATED, OWNER_ID, CONTACTPERSON, PROJECTID)
        values (9, 'Admin toolbox job 3', 's40_admin_toolbox_job3', 6, CURRENT_TIMESTAMP, 1, 'Admin MOCK', 2);

insert into S40CICORE.JOB (ID, DISPLAYNAME, "NAME", BRANCH_ID, CREATED, PROJECTID)
        values (10, 'X master verification', 's40_ci_20_X_master', 10, CURRENT_TIMESTAMP, 1);
insert into S40CICORE.JOB (ID, DISPLAYNAME, "NAME", BRANCH_ID, CREATED, OWNER_ID, CONTACTPERSON, PROJECTID)
        values (11, 'User toolbox job 1', 's40_user_toolbox_job1', 3, CURRENT_TIMESTAMP, 2, 'User MOCK', 1);

insert into S40CICORE.JOB (ID, DISPLAYNAME, "NAME", BRANCH_ID, CREATED, OWNER_ID)
        values (12, 'X admin draft verification', 's40_ci_20_X_master', 12, CURRENT_TIMESTAMP, 1);

-- BUILD GROUPS --
-- Job 1 build groups --
insert into S40CICORE.BUILD_GROUP (ID, CREATED, MODIFIED, JOB_ID, STARTTIME, ENDTIME, PHASE, GERRITREFSPEC, STATUS, URL, BRANCHTYPE, PROJECTID)
    values (1, '2012-01-01 12:00:00', '2012-01-01 13:00:00', 1, '2012-01-01 12:00:04', '2012-01-01 12:02:10', 'FINISHED', 'refs/for/changes/1111', 'SUCCESS', NULL, 'SINGLE_COMMIT', 1);
-- Job 2 build groups --
insert into S40CICORE.BUILD_GROUP (ID, CREATED, MODIFIED, JOB_ID, STARTTIME, ENDTIME, PHASE, GERRITREFSPEC, STATUS, URL, BRANCHTYPE, PROJECTID)
    values (2, '2012-01-01 12:30:00', '2012-01-01 13:30:00', 2, '2012-01-01 12:00:04', '2012-01-01 12:02:10', 'FINISHED', 'refs/for/changes/1114', 'SUCCESS', NULL, 'DEVELOPMENT', 1);
insert into S40CICORE.BUILD_GROUP (ID, CREATED, MODIFIED, JOB_ID, STARTTIME, ENDTIME, PHASE, GERRITREFSPEC, STATUS, URL, BRANCHTYPE, PROJECTID)
    values (3, '2012-01-01 12:30:00', '2012-01-01 13:30:00', 2, '2012-01-02 12:00:05', '2012-01-02 12:06:11', 'FINISHED', 'refs/for/changes/1115', 'SUCCESS', NULL, 'DEVELOPMENT', 1);
insert into S40CICORE.BUILD_GROUP (ID, CREATED, MODIFIED, JOB_ID, STARTTIME, ENDTIME, PHASE, GERRITREFSPEC, STATUS, URL, BRANCHTYPE, PROJECTID)
    values (4, '2013-02-12 12:30:00', '2013-02-12 13:30:00', 1, '2013-02-12 12:02:05', '2013-02-12 12:10:11', 'FINISHED', 'refs/for/changes/1116', 'SUCCESS', NULL, 'SINGLE_COMMIT', 1);
insert into S40CICORE.BUILD_GROUP (ID, CREATED, MODIFIED, JOB_ID, STARTTIME, ENDTIME, PHASE, GERRITREFSPEC, STATUS, URL, BRANCHTYPE, PROJECTID)
    values (5, '2013-02-12 12:30:00', '2013-02-12 13:30:00', 3, '2013-02-12 12:02:06', '2013-02-12 12:10:11', 'FINISHED', 'refs/for/changes/1116', 'SUCCESS', NULL, 'SINGLE_COMMIT', 1);
insert into S40CICORE.BUILD_GROUP (ID, CREATED, MODIFIED, JOB_ID, STARTTIME, ENDTIME, PHASE, GERRITREFSPEC, STATUS, URL, BRANCHTYPE, PROJECTID)
    values (7, '2013-02-12 12:30:00', '2013-02-12 13:30:00', 3, '2013-02-12 12:02:07', '2013-02-12 12:10:11', 'FINISHED', 'refs/for/changes/1116', 'SUCCESS', NULL, 'SINGLE_COMMIT', 1);
insert into S40CICORE.BUILD_GROUP (ID, CREATED, MODIFIED, JOB_ID, STARTTIME, ENDTIME, PHASE, GERRITREFSPEC, STATUS, URL, BRANCHTYPE, PROJECTID)
    values (8, '2012-01-01 12:30:00', '2012-01-01 13:30:00', 2, '2012-01-05 12:02:08', '2012-01-05 12:10:11', 'FINISHED', 'refs/for/changes/1116', 'SUCCESS', NULL, 'DEVELOPMENT', 1);
insert into S40CICORE.BUILD_GROUP (ID, CREATED, MODIFIED, JOB_ID, STARTTIME, ENDTIME, PHASE, GERRITREFSPEC, STATUS, URL, BRANCHTYPE, PROJECTID)
    values (9, '2012-01-01 12:30:00', '2012-01-01 13:30:00', 2, '2012-01-05 12:02:09', '2012-01-05 12:10:11', 'FINISHED', 'refs/for/changes/1116', 'SUCCESS', NULL, 'DEVELOPMENT', 1);
insert into S40CICORE.BUILD_GROUP (ID, CREATED, MODIFIED, JOB_ID, STARTTIME, ENDTIME, PHASE, GERRITREFSPEC, STATUS, URL, BRANCHTYPE, PROJECTID)
    values (10, '2012-01-01 12:30:00', '2012-01-01 13:30:00', 2, '2012-01-05 12:02:10', '2012-01-05 12:10:11', 'FINISHED', 'refs/for/changes/1116', 'SUCCESS', NULL, 'DEVELOPMENT', 1);
insert into S40CICORE.BUILD_GROUP (ID, CREATED, MODIFIED, JOB_ID, STARTTIME, ENDTIME, PHASE, GERRITREFSPEC, STATUS, URL, BRANCHTYPE, PROJECTID)
    values (11, '2012-01-01 12:30:00', '2012-01-01 13:30:00', 2, '2012-01-05 12:02:11', '2012-01-05 12:10:11', 'FINISHED', 'refs/for/changes/1116', 'SUCCESS', NULL, 'DEVELOPMENT', 1);
insert into S40CICORE.BUILD_GROUP (ID, CREATED, MODIFIED, JOB_ID, STARTTIME, ENDTIME, PHASE, GERRITREFSPEC, STATUS, URL, BRANCHTYPE, PROJECTID)
    values (12, '2012-01-01 12:30:00', '2012-01-01 13:30:00', 2, '2012-01-05 12:02:12', '2012-01-05 12:10:11', 'FINISHED', 'refs/for/changes/1116', 'SUCCESS', NULL, 'DEVELOPMENT', 1);
insert into S40CICORE.BUILD_GROUP (ID, CREATED, MODIFIED, JOB_ID, STARTTIME, ENDTIME, PHASE, GERRITREFSPEC, STATUS, URL, BRANCHTYPE, PROJECTID)
    values (13, '2012-01-01 12:30:00', '2012-01-01 13:30:00', 2, '2012-01-05 12:02:13', '2012-01-05 12:10:11', 'FINISHED', 'refs/for/changes/1116', 'SUCCESS', NULL, 'DEVELOPMENT', 1);
insert into S40CICORE.BUILD_GROUP (ID, CREATED, MODIFIED, JOB_ID, STARTTIME, ENDTIME, PHASE, GERRITREFSPEC, STATUS, URL, BRANCHTYPE, PROJECTID)
    values (14, '2012-01-01 12:30:00', '2012-01-01 13:30:00', 2, '2012-01-05 12:02:14', '2012-01-05 12:10:11', 'FINISHED', 'refs/for/changes/1116', 'SUCCESS', NULL, 'DEVELOPMENT', 1);
insert into S40CICORE.BUILD_GROUP (ID, CREATED, MODIFIED, JOB_ID, STARTTIME, ENDTIME, PHASE, GERRITREFSPEC, STATUS, URL, BRANCHTYPE, PROJECTID)
    values (15, '2012-01-01 12:30:00', '2012-01-01 13:30:00', 2, '2012-01-05 12:02:15', '2012-01-05 12:10:11', 'FINISHED', 'refs/for/changes/1116', 'SUCCESS', NULL, 'DEVELOPMENT', 1);
insert into S40CICORE.BUILD_GROUP (ID, CREATED, MODIFIED, JOB_ID, STARTTIME, ENDTIME, PHASE, GERRITREFSPEC, STATUS, URL, BRANCHTYPE, PROJECTID)
    values (16, '2012-01-01 12:30:00', '2012-01-01 13:30:00', 2, '2012-01-05 12:02:16', '2012-01-05 12:10:11', 'FINISHED', 'refs/for/changes/1116', 'SUCCESS', NULL, 'DEVELOPMENT', 1);
insert into S40CICORE.BUILD_GROUP (ID, CREATED, MODIFIED, JOB_ID, STARTTIME, ENDTIME, PHASE, GERRITREFSPEC, STATUS, URL, BRANCHTYPE, PROJECTID)
    values (17, '2012-01-01 12:30:00', '2012-01-01 13:30:00', 2, '2012-01-05 12:02:17', '2012-01-05 12:10:11', 'FINISHED', 'refs/for/changes/1116', 'SUCCESS', NULL, 'DEVELOPMENT', 1);
insert into S40CICORE.BUILD_GROUP (ID, CREATED, MODIFIED, JOB_ID, STARTTIME, ENDTIME, PHASE, GERRITREFSPEC, STATUS, URL, BRANCHTYPE, PROJECTID)
    values (18, '2012-01-01 12:30:00', '2012-01-01 13:30:00', 2, '2012-01-05 12:02:18', '2012-01-05 12:10:11', 'FINISHED', 'refs/for/changes/1116', 'SUCCESS', NULL, 'DEVELOPMENT', 1);
insert into S40CICORE.BUILD_GROUP (ID, CREATED, MODIFIED, JOB_ID, STARTTIME, ENDTIME, PHASE, GERRITREFSPEC, STATUS, URL, BRANCHTYPE, PROJECTID)
    values (19, '2012-01-01 12:30:00', '2012-01-01 13:30:00', 2, '2012-01-05 12:02:19', '2012-01-05 12:10:11', 'FINISHED', 'refs/for/changes/1116', 'SUCCESS', NULL, 'DEVELOPMENT', 1);
insert into S40CICORE.BUILD_GROUP (ID, CREATED, MODIFIED, JOB_ID, STARTTIME, ENDTIME, PHASE, GERRITREFSPEC, STATUS, URL, BRANCHTYPE, PROJECTID)
    values (20, '2012-01-01 12:30:00', '2012-01-01 13:30:00', 2, '2012-01-05 12:02:20', '2012-01-05 12:10:11', 'FINISHED', 'refs/for/changes/1116', 'SUCCESS', NULL, 'DEVELOPMENT', 1);
insert into S40CICORE.BUILD_GROUP (ID, CREATED, MODIFIED, JOB_ID, STARTTIME, ENDTIME, PHASE, GERRITREFSPEC, STATUS, URL, BRANCHTYPE, PROJECTID)
    values (21, '2012-01-01 12:30:00', '2012-01-01 13:30:00', 2, '2012-01-05 12:02:21', '2012-01-05 12:10:11', 'FINISHED', 'refs/for/changes/1116', 'SUCCESS', NULL, 'DEVELOPMENT', 1);
insert into S40CICORE.BUILD_GROUP (ID, CREATED, MODIFIED, JOB_ID, STARTTIME, ENDTIME, PHASE, GERRITREFSPEC, STATUS, URL, BRANCHTYPE, PROJECTID)
    values (22, '2012-01-01 12:30:00', '2012-01-01 13:30:00', 2, '2012-01-05 12:02:22', '2012-01-05 12:10:11', 'FINISHED', 'refs/for/changes/1116', 'SUCCESS', NULL, 'DEVELOPMENT', 1);
insert into S40CICORE.BUILD_GROUP (ID, CREATED, MODIFIED, JOB_ID, STARTTIME, ENDTIME, PHASE, GERRITREFSPEC, STATUS, URL, BRANCHTYPE, PROJECTID)
    values (23, '2012-01-01 12:30:00', '2012-01-01 13:30:00', 2, '2012-01-05 12:02:23', '2012-01-05 12:10:11', 'FINISHED', 'refs/for/changes/1116', 'SUCCESS', NULL, 'DEVELOPMENT', 1);
insert into S40CICORE.BUILD_GROUP (ID, CREATED, MODIFIED, JOB_ID, STARTTIME, ENDTIME, PHASE, GERRITREFSPEC, STATUS, URL, BRANCHTYPE, PROJECTID)
    values (24, '2012-01-01 12:30:00', '2012-01-01 13:30:00', 2, '2012-01-05 12:02:24', '2012-01-05 12:10:11', 'FINISHED', 'refs/for/changes/1116', 'SUCCESS', NULL, 'DEVELOPMENT', 1);
insert into S40CICORE.BUILD_GROUP (ID, CREATED, MODIFIED, JOB_ID, STARTTIME, ENDTIME, PHASE, GERRITREFSPEC, STATUS, URL, BRANCHTYPE, PROJECTID)
    values (25, '2012-01-01 12:30:00', '2012-01-01 13:30:00', 2, '2012-01-05 12:02:25', '2012-01-05 12:10:11', 'FINISHED', 'refs/for/changes/1116', 'SUCCESS', NULL, 'DEVELOPMENT', 1);
insert into S40CICORE.BUILD_GROUP (ID, CREATED, MODIFIED, JOB_ID, STARTTIME, ENDTIME, PHASE, GERRITREFSPEC, STATUS, URL, BRANCHTYPE, PROJECTID)
    values (26, '2012-01-01 12:30:00', '2012-01-01 13:30:00', 2, '2012-01-05 12:02:26', '2012-01-05 12:10:11', 'FINISHED', 'refs/for/changes/1116', 'SUCCESS', NULL, 'DEVELOPMENT', 1);
-- Job 7 build groups --
insert into S40CICORE.BUILD_GROUP (ID, CREATED, MODIFIED, JOB_ID, STARTTIME, ENDTIME, PHASE, GERRITREFSPEC, STATUS, URL, BRANCHTYPE, PROJECTID)
    values (27, '2012-01-01 12:30:00', '2012-01-01 13:30:00', 7, '2012-01-01 12:00:07', '2012-01-01 12:01:07', 'STARTED', 'refs/for/changes/1117', 'SUCCESS', NULL, 'TOOLBOX', 1);

-- BUILD GROUP CI SERVERS --
insert into S40CICORE.BUILD_GROUP_CISERVER (ID, PORT, URL, BUILDGROUP_ID) values (1, 1337, 'localhost', 1);
insert into S40CICORE.BUILD_GROUP_CISERVER (ID, PORT, URL, BUILDGROUP_ID, TESTRESULTSTORAGE) values (2, 1337, 'localhost', 2, '../../../../../s40-ci-backend-mock/data/');
insert into S40CICORE.BUILD_GROUP_CISERVER (ID, PORT, URL, BUILDGROUP_ID) values (3, 1337, 'localhost', 3);
insert into S40CICORE.BUILD_GROUP_CISERVER (ID, PORT, URL, BUILDGROUP_ID) values (4, 1337, 'localhost', 4);
insert into S40CICORE.BUILD_GROUP_CISERVER (ID, PORT, URL, BUILDGROUP_ID) values (5, 1337, 'localhost', 5);

-- CHANGES --
insert into S40CICORE.CHANGE (ID, CREATED, MODIFIED, AUTHOREMAIL, AUTHORNAME, COMMITID, COMMITTIME, MESSAGE, STATUS, SUBJECT, PROJECTID) values
        (1, '2012-01-01 12:30:00', '2012-01-01 12:32:00', 'admin@test.com', 'Admin MOCK', 'fpjwefpoj32pjfpweojf3g', '2012-01-01 12:32:00',
        'Just another GIT change wooop', 'OPEN', 'Just another GIT change', 1);
insert into S40CICORE.CHANGE (ID, CREATED, MODIFIED, AUTHOREMAIL, AUTHORNAME, COMMITID, COMMITTIME, MESSAGE, STATUS, SUBJECT, PROJECTID) values
        (2, '2012-01-01 12:35:00', '2012-01-01 12:36:00', 'gerrit@gerrit.com', 'Gerrit code review', 'fergr64262errrfpweojf3', '2012-01-01 12:35:20',
        'Draft change nro 666', 'DRAFT', 'Draftie', 1);
insert into S40CICORE.CHANGE (ID, CREATED, MODIFIED, AUTHOREMAIL, AUTHORNAME, COMMITID, COMMITTIME, MESSAGE, STATUS, SUBJECT, PROJECTID) values
        (3, '2012-01-01 12:39:00', '2012-01-01 12:39:00', 'admin@test.com', 'Admin MOCK', 'fe3423ffgg3gilvv0033f3', '2012-01-01 12:39:20',
        'This change is merged', 'MERGED', 'Woopsie merged', 1);
insert into S40CICORE.CHANGE (ID, CREATED, MODIFIED, AUTHOREMAIL, AUTHORNAME, COMMITID, COMMITTIME, MESSAGE, STATUS, SUBJECT, PROJECTID) values
        (4, '2012-01-01 12:39:00', '2012-01-01 12:39:00', 'admin@test.com', 'Admin MOCK', 'fe3423ffgg3gi5252033f3', '2012-01-01 12:39:20',
        'Normal user should not see this project Z change', 'MERGED', 'User Mock should not see this..', 3);

-- CHANGE_FILES --
insert into S40CICORE.CHANGE_FILE (ID, CREATED, MODIFIED, FILEPATH, FILETYPE, CHANGE_ID) values (1, '2012-01-01 12:30:00', '2012-01-01 12:30:00',
        '/s40_sw/mylly.c', 'ADDED', 1);
insert into S40CICORE.CHANGE_FILE (ID, CREATED, MODIFIED, FILEPATH, FILETYPE, CHANGE_ID) values (2, '2012-01-01 12:30:00', '2012-01-01 12:30:00',
        '/s40_sw/mylly.c', 'REMOVED', 1);
insert into S40CICORE.CHANGE_FILE (ID, CREATED, MODIFIED, FILEPATH, FILETYPE, CHANGE_ID) values (3, '2012-01-01 12:30:00', '2012-01-01 12:30:00',
        '/s40_sw/mylly.c', 'MODIFIED', 1);
insert into S40CICORE.CHANGE_FILE (ID, CREATED, MODIFIED, FILEPATH, FILETYPE, CHANGE_ID) values (4, '2012-01-01 12:30:00', '2012-01-01 12:30:00',
        '/s40_sw/mylly.c', 'MODIFIED', 2);

-- CHANGES TO BUILDGROUP --
insert into S40CICORE.BUILD_GROUP_CHANGE (BUILDGROUPS_ID, CHANGES_ID) values (1, 1);
insert into S40CICORE.BUILD_GROUP_CHANGE (BUILDGROUPS_ID, CHANGES_ID) values (1, 2);
insert into S40CICORE.BUILD_GROUP_CHANGE (BUILDGROUPS_ID, CHANGES_ID) values (1, 3);

-- CHANGE TRACKER FOR EXISTING CHANGES. --
insert into S40CICORE.CHANGE_TRACKER (ID, CREATED, MODIFIED, SCVSTART, SCVEND, DBVSTART, DBVEND, MASTERSTART, MASTEREND, RELEASED, COMMITID) values
        (60, NULL, NULL, NULL, NULL, NULL, NULL, NULL, NULL, NULL, 'fpjwefpoj32pjfpweojf3g');
insert into S40CICORE.CHANGE_TRACKER (ID, CREATED, MODIFIED, SCVSTART, SCVEND, DBVSTART, DBVEND, MASTERSTART, MASTEREND, RELEASED, COMMITID) values
        (61, NULL, NULL, NULL, NULL, NULL, NULL, NULL, NULL, NULL, 'fergregregerrrfpweojf3');
insert into S40CICORE.CHANGE_TRACKER (ID, CREATED, MODIFIED, SCVSTART, SCVEND, DBVSTART, DBVEND, MASTERSTART, MASTEREND, RELEASED, COMMITID) values
        (62, NULL, NULL, NULL, NULL, NULL, NULL, NULL, NULL, NULL, 'fe3423ffgg3gilvv0033f3');

insert into S40CICORE.PROJECT_CHANGE_TRACKER (PROJECTS_ID, CHANGETRACKERS_ID) values (1, 60);
insert into S40CICORE.PROJECT_CHANGE_TRACKER (PROJECTS_ID, CHANGETRACKERS_ID) values (1, 61);
insert into S40CICORE.PROJECT_CHANGE_TRACKER (PROJECTS_ID, CHANGETRACKERS_ID) values (1, 62);

-- CHANGE TRACKERS FOR METRICS. ONE PER DAY. TWO MONTHS. NO RELATION TO CHANGE. --

-- JAN. 2013. --
insert into S40CICORE.CHANGE_TRACKER (ID, CREATED, MODIFIED, SCVSTART, SCVEND, DBVSTART, DBVEND, MASTERSTART, MASTEREND, RELEASED, COMMITID) values
        (1, '2013-01-01 12:00:00', '2013-01-01 12:00:00', '2013-01-01 12:00:00', '2013-01-01 12:00:05', '2013-01-01 12:00:30', '2013-01-01 13:00:00', '2013-01-01 14:00:00', '2013-01-01 15:00:00', '2013-01-01 16:00:00', 'commitId_jan_01');
insert into S40CICORE.CHANGE_TRACKER (ID, CREATED, MODIFIED, SCVSTART, SCVEND, DBVSTART, DBVEND, MASTERSTART, MASTEREND, RELEASED, COMMITID) values
        (2, '2013-01-02 12:00:00', '2013-01-02 12:00:00', '2013-01-02 12:00:00', '2013-01-02 12:00:05', '2013-01-02 12:00:30', '2013-01-02 13:00:00', '2013-01-02 14:00:00', '2013-01-02 15:00:00', '2013-01-02 16:00:00', 'commitId_jan_02');
insert into S40CICORE.CHANGE_TRACKER (ID, CREATED, MODIFIED, SCVSTART, SCVEND, DBVSTART, DBVEND, MASTERSTART, MASTEREND, RELEASED, COMMITID) values
        (3, '2013-01-03 12:00:00', '2013-01-03 12:00:00', '2013-01-03 12:00:00', '2013-01-03 12:00:05', '2013-01-03 12:00:30', '2013-01-03 13:00:00', '2013-01-03 14:00:00', '2013-01-03 15:00:00', '2013-01-03 16:00:00', 'commitId_jan_03');
insert into S40CICORE.CHANGE_TRACKER (ID, CREATED, MODIFIED, SCVSTART, SCVEND, DBVSTART, DBVEND, MASTERSTART, MASTEREND, RELEASED, COMMITID) values
        (4, '2013-01-04 12:00:00', '2013-01-04 12:00:00', '2013-01-04 12:00:00', '2013-01-04 12:00:05', '2013-01-04 12:00:30', '2013-01-04 13:00:00', '2013-01-04 14:00:00', '2013-01-04 15:00:00', '2013-01-04 16:00:00', 'commitId_jan_04');
insert into S40CICORE.CHANGE_TRACKER (ID, CREATED, MODIFIED, SCVSTART, SCVEND, DBVSTART, DBVEND, MASTERSTART, MASTEREND, RELEASED, COMMITID) values
        (5, '2013-01-05 12:00:00', '2013-01-05 12:00:00', '2013-01-05 12:00:00', '2013-01-05 12:00:05', '2013-01-05 12:00:30', '2013-01-05 13:00:00', '2013-01-05 14:00:00', '2013-01-05 15:00:00', '2013-01-05 16:00:00', 'commitId_jan_05');
insert into S40CICORE.CHANGE_TRACKER (ID, CREATED, MODIFIED, SCVSTART, SCVEND, DBVSTART, DBVEND, MASTERSTART, MASTEREND, RELEASED, COMMITID) values
        (6, '2013-01-06 12:00:00', '2013-01-06 12:00:00', '2013-01-06 12:00:00', '2013-01-06 12:00:05', '2013-01-06 12:00:30', '2013-01-06 13:00:00', '2013-01-06 14:00:00', '2013-01-06 15:00:00', '2013-01-06 16:00:00', 'commitId_jan_06');
insert into S40CICORE.CHANGE_TRACKER (ID, CREATED, MODIFIED, SCVSTART, SCVEND, DBVSTART, DBVEND, MASTERSTART, MASTEREND, RELEASED, COMMITID) values
        (7, '2013-01-07 12:00:00', '2013-01-07 12:00:00', '2013-01-07 12:00:00', '2013-01-07 12:00:05', '2013-01-07 12:00:30', '2013-01-07 13:00:00', '2013-01-07 14:00:00', '2013-01-07 15:00:00', '2013-01-07 16:00:00', 'commitId_jan_07');
insert into S40CICORE.CHANGE_TRACKER (ID, CREATED, MODIFIED, SCVSTART, SCVEND, DBVSTART, DBVEND, MASTERSTART, MASTEREND, RELEASED, COMMITID) values
        (8, '2013-01-08 12:00:00', '2013-01-08 12:00:00', '2013-01-08 12:00:00', '2013-01-08 12:00:05', '2013-01-08 12:00:30', '2013-01-08 13:00:00', '2013-01-08 14:00:00', '2013-01-08 15:00:00', '2013-01-08 16:00:00', 'commitId_jan_08');
insert into S40CICORE.CHANGE_TRACKER (ID, CREATED, MODIFIED, SCVSTART, SCVEND, DBVSTART, DBVEND, MASTERSTART, MASTEREND, RELEASED, COMMITID) values
        (9, '2013-01-09 12:00:00', '2013-01-09 12:00:00', '2013-01-09 12:00:00', '2013-01-09 12:00:05', '2013-01-09 12:00:30', '2013-01-09 13:00:00', '2013-01-09 14:00:00', '2013-01-09 15:00:00', '2013-01-09 16:00:00', 'commitId_jan_09');
insert into S40CICORE.CHANGE_TRACKER (ID, CREATED, MODIFIED, SCVSTART, SCVEND, DBVSTART, DBVEND, MASTERSTART, MASTEREND, RELEASED, COMMITID) values
        (10, '2013-01-10 12:00:00', '2013-01-10 12:00:00', '2013-01-10 12:00:00', '2013-01-10 12:00:05', '2013-01-10 12:00:30', '2013-01-10 13:00:00', '2013-01-10 14:00:00', '2013-01-10 15:00:00', '2013-01-10 16:00:00', 'commitId_jan_10');
insert into S40CICORE.CHANGE_TRACKER (ID, CREATED, MODIFIED, SCVSTART, SCVEND, DBVSTART, DBVEND, MASTERSTART, MASTEREND, RELEASED, COMMITID) values
        (11, '2013-01-11 12:00:00', '2013-01-11 12:00:00', '2013-01-11 12:00:00', '2013-01-11 12:00:05', '2013-01-11 12:00:30', '2013-01-11 13:00:00', '2013-01-11 14:00:00', '2013-01-11 15:00:00', '2013-01-11 16:00:00', 'commitId_jan_11');
insert into S40CICORE.CHANGE_TRACKER (ID, CREATED, MODIFIED, SCVSTART, SCVEND, DBVSTART, DBVEND, MASTERSTART, MASTEREND, RELEASED, COMMITID) values
        (12, '2013-01-12 12:00:00', '2013-01-12 12:00:00', '2013-01-12 12:00:00', '2013-01-12 12:00:05', '2013-01-12 12:00:30', '2013-01-12 13:00:00', '2013-01-12 14:00:00', '2013-01-12 15:00:00', '2013-01-12 16:00:00', 'commitId_jan_12');
insert into S40CICORE.CHANGE_TRACKER (ID, CREATED, MODIFIED, SCVSTART, SCVEND, DBVSTART, DBVEND, MASTERSTART, MASTEREND, RELEASED, COMMITID) values
        (13, '2013-01-13 12:00:00', '2013-01-13 12:00:00', '2013-01-13 12:00:00', '2013-01-13 12:00:05', '2013-01-13 12:00:30', '2013-01-13 13:00:00', '2013-01-13 14:00:00', '2013-01-13 15:00:00', '2013-01-13 16:00:00', 'commitId_jan_13');
insert into S40CICORE.CHANGE_TRACKER (ID, CREATED, MODIFIED, SCVSTART, SCVEND, DBVSTART, DBVEND, MASTERSTART, MASTEREND, RELEASED, COMMITID) values
        (14, '2013-01-14 12:00:00', '2013-01-14 12:00:00', '2013-01-14 12:00:00', '2013-01-14 12:00:05', '2013-01-14 12:00:30', '2013-01-14 13:00:00', '2013-01-14 14:00:00', '2013-01-14 15:00:00', '2013-01-14 16:00:00', 'commitId_jan_14');
insert into S40CICORE.CHANGE_TRACKER (ID, CREATED, MODIFIED, SCVSTART, SCVEND, DBVSTART, DBVEND, MASTERSTART, MASTEREND, RELEASED, COMMITID) values
        (15, '2013-01-15 12:00:00', '2013-01-15 12:00:00', '2013-01-15 12:00:00', '2013-01-15 12:00:05', '2013-01-15 12:00:30', '2013-01-15 13:00:00', '2013-01-15 14:00:00', '2013-01-15 15:00:00', '2013-01-15 16:00:00', 'commitId_jan_15');
insert into S40CICORE.CHANGE_TRACKER (ID, CREATED, MODIFIED, SCVSTART, SCVEND, DBVSTART, DBVEND, MASTERSTART, MASTEREND, RELEASED, COMMITID) values
        (16, '2013-01-16 12:00:00', '2013-01-16 12:00:00', '2013-01-16 12:00:00', '2013-01-16 12:00:05', '2013-01-16 12:00:30', '2013-01-16 13:00:00', '2013-01-16 14:00:00', '2013-01-16 15:00:00', '2013-01-16 16:00:00', 'commitId_jan_16');
insert into S40CICORE.CHANGE_TRACKER (ID, CREATED, MODIFIED, SCVSTART, SCVEND, DBVSTART, DBVEND, MASTERSTART, MASTEREND, RELEASED, COMMITID) values
        (17, '2013-01-17 12:00:00', '2013-01-17 12:00:00', '2013-01-17 12:00:00', '2013-01-17 12:00:05', '2013-01-17 12:00:30', '2013-01-17 13:00:00', '2013-01-17 14:00:00', '2013-01-17 15:00:00', '2013-01-17 16:00:00', 'commitId_jan_17');
insert into S40CICORE.CHANGE_TRACKER (ID, CREATED, MODIFIED, SCVSTART, SCVEND, DBVSTART, DBVEND, MASTERSTART, MASTEREND, RELEASED, COMMITID) values
        (18, '2013-01-18 12:00:00', '2013-01-18 12:00:00', '2013-01-18 12:00:00', '2013-01-18 12:00:05', '2013-01-18 12:00:30', '2013-01-18 13:00:00', '2013-01-18 14:00:00', '2013-01-18 15:00:00', '2013-01-18 16:00:00', 'commitId_jan_18');
insert into S40CICORE.CHANGE_TRACKER (ID, CREATED, MODIFIED, SCVSTART, SCVEND, DBVSTART, DBVEND, MASTERSTART, MASTEREND, RELEASED, COMMITID) values
        (19, '2013-01-19 12:00:00', '2013-01-19 12:00:00', '2013-01-19 12:00:00', '2013-01-19 12:00:05', '2013-01-19 12:00:30', '2013-01-19 13:00:00', '2013-01-19 14:00:00', '2013-01-19 15:00:00', '2013-01-19 16:00:00', 'commitId_jan_19');
insert into S40CICORE.CHANGE_TRACKER (ID, CREATED, MODIFIED, SCVSTART, SCVEND, DBVSTART, DBVEND, MASTERSTART, MASTEREND, RELEASED, COMMITID) values
        (20, '2013-01-20 12:00:00', '2013-01-20 12:00:00', '2013-01-20 12:00:00', '2013-01-20 12:00:05', '2013-01-20 12:00:30', '2013-01-20 13:00:00', '2013-01-20 14:00:00', '2013-01-20 15:00:00', '2013-01-20 16:00:00', 'commitId_jan_20');
insert into S40CICORE.CHANGE_TRACKER (ID, CREATED, MODIFIED, SCVSTART, SCVEND, DBVSTART, DBVEND, MASTERSTART, MASTEREND, RELEASED, COMMITID) values
        (21, '2013-01-21 12:00:00', '2013-01-21 12:00:00', '2013-01-21 12:00:00', '2013-01-21 12:00:05', '2013-01-21 12:00:30', '2013-01-21 13:00:00', '2013-01-21 14:00:00', '2013-01-21 15:00:00', '2013-01-21 16:00:00', 'commitId_jan_21');
insert into S40CICORE.CHANGE_TRACKER (ID, CREATED, MODIFIED, SCVSTART, SCVEND, DBVSTART, DBVEND, MASTERSTART, MASTEREND, RELEASED, COMMITID) values
        (22, '2013-01-22 12:00:00', '2013-01-22 12:00:00', '2013-01-22 12:00:00', '2013-01-22 12:00:05', '2013-01-22 12:00:30', '2013-01-22 13:00:00', '2013-01-22 14:00:00', '2013-01-22 15:00:00', '2013-01-22 16:00:00', 'commitId_jan_22');
insert into S40CICORE.CHANGE_TRACKER (ID, CREATED, MODIFIED, SCVSTART, SCVEND, DBVSTART, DBVEND, MASTERSTART, MASTEREND, RELEASED, COMMITID) values
        (23, '2013-01-23 12:00:00', '2013-01-23 12:00:00', '2013-01-23 12:00:00', '2013-01-23 12:00:05', '2013-01-23 12:00:30', '2013-01-23 13:00:00', '2013-01-23 14:00:00', '2013-01-23 15:00:00', '2013-01-23 16:00:00', 'commitId_jan_23');
insert into S40CICORE.CHANGE_TRACKER (ID, CREATED, MODIFIED, SCVSTART, SCVEND, DBVSTART, DBVEND, MASTERSTART, MASTEREND, RELEASED, COMMITID) values
        (24, '2013-01-24 12:00:00', '2013-01-24 12:00:00', '2013-01-24 12:00:00', '2013-01-24 12:00:05', '2013-01-24 12:00:30', '2013-01-24 13:00:00', '2013-01-24 14:00:00', '2013-01-24 15:00:00', '2013-01-24 16:00:00', 'commitId_jan_24');
insert into S40CICORE.CHANGE_TRACKER (ID, CREATED, MODIFIED, SCVSTART, SCVEND, DBVSTART, DBVEND, MASTERSTART, MASTEREND, RELEASED, COMMITID) values
        (25, '2013-01-25 12:00:00', '2013-01-25 12:00:00', '2013-01-25 12:00:00', '2013-01-25 12:00:05', '2013-01-25 12:00:30', '2013-01-25 13:00:00', '2013-01-25 14:00:00', '2013-01-25 15:00:00', '2013-01-25 16:00:00', 'commitId_jan_25');
insert into S40CICORE.CHANGE_TRACKER (ID, CREATED, MODIFIED, SCVSTART, SCVEND, DBVSTART, DBVEND, MASTERSTART, MASTEREND, RELEASED, COMMITID) values
        (26, '2013-01-26 12:00:00', '2013-01-26 12:00:00', '2013-01-26 12:00:00', '2013-01-26 12:00:05', '2013-01-26 12:00:30', '2013-01-26 13:00:00', '2013-01-26 14:00:00', '2013-01-26 15:00:00', '2013-01-26 16:00:00', 'commitId_jan_26');
insert into S40CICORE.CHANGE_TRACKER (ID, CREATED, MODIFIED, SCVSTART, SCVEND, DBVSTART, DBVEND, MASTERSTART, MASTEREND, RELEASED, COMMITID) values
        (27, '2013-01-27 12:00:00', '2013-01-27 12:00:00', '2013-01-27 12:00:00', '2013-01-27 12:00:05', '2013-01-27 12:00:30', '2013-01-27 13:00:00', '2013-01-27 14:00:00', '2013-01-27 15:00:00', '2013-01-27 16:00:00', 'commitId_jan_27');
insert into S40CICORE.CHANGE_TRACKER (ID, CREATED, MODIFIED, SCVSTART, SCVEND, DBVSTART, DBVEND, MASTERSTART, MASTEREND, RELEASED, COMMITID) values
        (28, '2013-01-28 12:00:00', '2013-01-28 12:00:00', '2013-01-28 12:00:00', '2013-01-28 12:00:05', '2013-01-28 12:00:30', '2013-01-28 13:00:00', '2013-01-28 14:00:00', '2013-01-28 15:00:00', '2013-01-28 16:00:00', 'commitId_jan_28');
insert into S40CICORE.CHANGE_TRACKER (ID, CREATED, MODIFIED, SCVSTART, SCVEND, DBVSTART, DBVEND, MASTERSTART, MASTEREND, RELEASED, COMMITID) values
        (29, '2013-01-29 12:00:00', '2013-01-29 12:00:00', '2013-01-29 12:00:00', '2013-01-29 12:00:05', '2013-01-29 12:00:30', '2013-01-29 13:00:00', '2013-01-29 14:00:00', '2013-01-29 15:00:00', '2013-01-29 16:00:00', 'commitId_jan_29');
insert into S40CICORE.CHANGE_TRACKER (ID, CREATED, MODIFIED, SCVSTART, SCVEND, DBVSTART, DBVEND, MASTERSTART, MASTEREND, RELEASED, COMMITID) values
        (30, '2013-01-30 12:00:00', '2013-01-30 12:00:00', '2013-01-30 12:00:00', '2013-01-30 12:00:05', '2013-01-30 12:00:30', '2013-01-30 13:00:00', '2013-01-30 14:00:00', '2013-01-30 15:00:00', '2013-01-30 16:00:00', 'commitId_jan_30');
insert into S40CICORE.CHANGE_TRACKER (ID, CREATED, MODIFIED, SCVSTART, SCVEND, DBVSTART, DBVEND, MASTERSTART, MASTEREND, RELEASED, COMMITID) values
        (31, '2013-01-31 12:00:00', '2013-01-31 12:00:00', '2013-01-31 12:00:00', '2013-01-31 12:00:05', '2013-01-31 12:00:30', '2013-01-31 13:00:00', '2013-01-31 14:00:00', '2013-01-31 15:00:00', '2013-01-31 16:00:00', 'commitId_jan_31');
-- FEB 2013 --
insert into S40CICORE.CHANGE_TRACKER (ID, CREATED, MODIFIED, SCVSTART, SCVEND, DBVSTART, DBVEND, MASTERSTART, MASTEREND, RELEASED, COMMITID) values
        (32, '2013-02-01 12:00:00', '2013-02-01 12:00:00', '2013-02-01 12:00:00', '2013-02-01 12:00:05', '2013-02-01 12:00:30', '2013-02-01 13:00:00', '2013-02-01 14:00:00', '2013-02-01 15:00:00', '2013-02-01 16:00:00', 'commitId_feb_01');
insert into S40CICORE.CHANGE_TRACKER (ID, CREATED, MODIFIED, SCVSTART, SCVEND, DBVSTART, DBVEND, MASTERSTART, MASTEREND, RELEASED, COMMITID) values
        (33, '2013-02-02 12:00:00', '2013-02-02 12:00:00', '2013-02-02 12:00:00', '2013-02-02 12:00:05', '2013-02-02 12:00:30', '2013-02-02 13:00:00', '2013-02-02 14:00:00', '2013-02-02 15:00:00', '2013-02-02 16:00:00', 'commitId_feb_02');
insert into S40CICORE.CHANGE_TRACKER (ID, CREATED, MODIFIED, SCVSTART, SCVEND, DBVSTART, DBVEND, MASTERSTART, MASTEREND, RELEASED, COMMITID) values
        (34, '2013-02-03 12:00:00', '2013-02-03 12:00:00', '2013-02-03 12:00:00', '2013-02-03 12:00:05', '2013-02-03 12:00:30', '2013-02-03 13:00:00', '2013-02-03 14:00:00', '2013-02-03 15:00:00', '2013-02-03 16:00:00', 'commitId_feb_03');
insert into S40CICORE.CHANGE_TRACKER (ID, CREATED, MODIFIED, SCVSTART, SCVEND, DBVSTART, DBVEND, MASTERSTART, MASTEREND, RELEASED, COMMITID) values
        (35, '2013-02-04 12:00:00', '2013-02-04 12:00:00', '2013-02-04 12:00:00', '2013-02-04 12:00:05', '2013-02-04 12:00:30', '2013-02-04 13:00:00', '2013-02-04 14:00:00', '2013-02-04 15:00:00', '2013-02-04 16:00:00', 'commitId_feb_04');
insert into S40CICORE.CHANGE_TRACKER (ID, CREATED, MODIFIED, SCVSTART, SCVEND, DBVSTART, DBVEND, MASTERSTART, MASTEREND, RELEASED, COMMITID) values
        (36, '2013-02-05 12:00:00', '2013-02-05 12:00:00', '2013-02-05 12:00:00', '2013-02-05 12:00:05', '2013-02-05 12:00:30', '2013-02-05 13:00:00', '2013-02-05 14:00:00', '2013-02-05 15:00:00', '2013-02-05 16:00:00', 'commitId_feb_05');
insert into S40CICORE.CHANGE_TRACKER (ID, CREATED, MODIFIED, SCVSTART, SCVEND, DBVSTART, DBVEND, MASTERSTART, MASTEREND, RELEASED, COMMITID) values
        (37, '2013-02-06 12:00:00', '2013-02-06 12:00:00', '2013-02-06 12:00:00', '2013-02-06 12:00:05', '2013-02-06 12:00:30', '2013-02-06 13:00:00', '2013-02-06 14:00:00', '2013-02-06 15:00:00', '2013-02-06 16:00:00', 'commitId_feb_06');
insert into S40CICORE.CHANGE_TRACKER (ID, CREATED, MODIFIED, SCVSTART, SCVEND, DBVSTART, DBVEND, MASTERSTART, MASTEREND, RELEASED, COMMITID) values
        (38, '2013-02-07 12:00:00', '2013-02-07 12:00:00', '2013-02-07 12:00:00', '2013-02-07 12:00:05', '2013-02-07 12:00:30', '2013-02-07 13:00:00', '2013-02-07 14:00:00', '2013-02-07 15:00:00', '2013-02-07 16:00:00', 'commitId_feb_07');
insert into S40CICORE.CHANGE_TRACKER (ID, CREATED, MODIFIED, SCVSTART, SCVEND, DBVSTART, DBVEND, MASTERSTART, MASTEREND, RELEASED, COMMITID) values
        (39, '2013-02-08 12:00:00', '2013-02-08 12:00:00', '2013-02-08 12:00:00', '2013-02-08 12:00:05', '2013-02-08 12:00:30', '2013-02-08 13:00:00', '2013-02-08 14:00:00', '2013-02-08 15:00:00', '2013-02-08 16:00:00', 'commitId_feb_08');
insert into S40CICORE.CHANGE_TRACKER (ID, CREATED, MODIFIED, SCVSTART, SCVEND, DBVSTART, DBVEND, MASTERSTART, MASTEREND, RELEASED, COMMITID) values
        (40, '2013-02-09 12:00:00', '2013-02-09 12:00:00', '2013-02-09 12:00:00', '2013-02-09 12:00:05', '2013-02-09 12:00:30', '2013-02-09 13:00:00', '2013-02-09 14:00:00', '2013-02-09 15:00:00', '2013-02-09 16:00:00', 'commitId_feb_09');
insert into S40CICORE.CHANGE_TRACKER (ID, CREATED, MODIFIED, SCVSTART, SCVEND, DBVSTART, DBVEND, MASTERSTART, MASTEREND, RELEASED, COMMITID) values
        (41, '2013-02-10 12:00:00', '2013-02-10 12:00:00', '2013-02-10 12:00:00', '2013-02-10 12:00:05', '2013-02-10 12:00:30', '2013-02-10 13:00:00', '2013-02-10 14:00:00', '2013-02-10 15:00:00', '2013-02-10 16:00:00', 'commitId_feb_10');
insert into S40CICORE.CHANGE_TRACKER (ID, CREATED, MODIFIED, SCVSTART, SCVEND, DBVSTART, DBVEND, MASTERSTART, MASTEREND, RELEASED, COMMITID) values
        (42, '2013-02-11 12:00:00', '2013-02-11 12:00:00', '2013-02-11 12:00:00', '2013-02-11 12:00:05', '2013-02-11 12:00:30', '2013-02-11 13:00:00', '2013-02-11 14:00:00', '2013-02-11 15:00:00', '2013-02-11 16:00:00', 'commitId_feb_11');
insert into S40CICORE.CHANGE_TRACKER (ID, CREATED, MODIFIED, SCVSTART, SCVEND, DBVSTART, DBVEND, MASTERSTART, MASTEREND, RELEASED, COMMITID) values
        (43, '2013-02-12 12:00:00', '2013-02-12 12:00:00', '2013-02-12 12:00:00', '2013-02-12 12:00:05', '2013-02-12 12:00:30', '2013-02-12 13:00:00', '2013-02-12 14:00:00', '2013-02-12 15:00:00', '2013-02-12 16:00:00', 'commitId_feb_12');
insert into S40CICORE.CHANGE_TRACKER (ID, CREATED, MODIFIED, SCVSTART, SCVEND, DBVSTART, DBVEND, MASTERSTART, MASTEREND, RELEASED, COMMITID) values
        (44, '2013-02-13 12:00:00', '2013-02-13 12:00:00', '2013-02-13 12:00:00', '2013-02-13 12:00:05', '2013-02-13 12:00:30', '2013-02-13 13:00:00', '2013-02-13 14:00:00', '2013-02-13 15:00:00', '2013-02-13 16:00:00', 'commitId_feb_13');
insert into S40CICORE.CHANGE_TRACKER (ID, CREATED, MODIFIED, SCVSTART, SCVEND, DBVSTART, DBVEND, MASTERSTART, MASTEREND, RELEASED, COMMITID) values
        (45, '2013-02-14 12:00:00', '2013-02-14 12:00:00', '2013-02-14 12:00:00', '2013-02-14 12:00:05', '2013-02-14 12:00:30', '2013-02-14 13:00:00', '2013-02-14 14:00:00', '2013-02-14 15:00:00', '2013-02-14 16:00:00', 'commitId_feb_14');
insert into S40CICORE.CHANGE_TRACKER (ID, CREATED, MODIFIED, SCVSTART, SCVEND, DBVSTART, DBVEND, MASTERSTART, MASTEREND, RELEASED, COMMITID) values
        (46, '2013-02-15 12:00:00', '2013-02-15 12:00:00', '2013-02-15 12:00:00', '2013-02-15 12:00:05', '2013-02-15 12:00:30', '2013-02-15 13:00:00', '2013-02-15 14:00:00', '2013-02-15 15:00:00', '2013-02-15 16:00:00', 'commitId_feb_15');
insert into S40CICORE.CHANGE_TRACKER (ID, CREATED, MODIFIED, SCVSTART, SCVEND, DBVSTART, DBVEND, MASTERSTART, MASTEREND, RELEASED, COMMITID) values
        (47, '2013-02-16 12:00:00', '2013-02-16 12:00:00', '2013-02-16 12:00:00', '2013-02-16 12:00:05', '2013-02-16 12:00:30', '2013-02-16 13:00:00', '2013-02-16 14:00:00', '2013-02-16 15:00:00', '2013-02-16 16:00:00', 'commitId_feb_16');
insert into S40CICORE.CHANGE_TRACKER (ID, CREATED, MODIFIED, SCVSTART, SCVEND, DBVSTART, DBVEND, MASTERSTART, MASTEREND, RELEASED, COMMITID) values
        (48, '2013-02-17 12:00:00', '2013-02-17 12:00:00', '2013-02-17 12:00:00', '2013-02-17 12:00:05', '2013-02-17 12:00:30', '2013-02-17 13:00:00', '2013-02-17 14:00:00', '2013-02-17 15:00:00', '2013-02-17 16:00:00', 'commitId_feb_17');
insert into S40CICORE.CHANGE_TRACKER (ID, CREATED, MODIFIED, SCVSTART, SCVEND, DBVSTART, DBVEND, MASTERSTART, MASTEREND, RELEASED, COMMITID) values
        (49, '2013-02-18 12:00:00', '2013-02-18 12:00:00', '2013-02-18 12:00:00', '2013-02-18 12:00:05', '2013-02-18 12:00:30', '2013-02-18 13:00:00', '2013-02-18 14:00:00', '2013-02-18 15:00:00', '2013-02-18 16:00:00', 'commitId_feb_18');
insert into S40CICORE.CHANGE_TRACKER (ID, CREATED, MODIFIED, SCVSTART, SCVEND, DBVSTART, DBVEND, MASTERSTART, MASTEREND, RELEASED, COMMITID) values
        (50, '2013-02-19 12:00:00', '2013-02-19 12:00:00', '2013-02-19 12:00:00', '2013-02-19 12:00:05', '2013-02-19 12:00:30', '2013-02-19 13:00:00', '2013-02-19 14:00:00', '2013-02-19 15:00:00', '2013-02-19 16:00:00', 'commitId_feb_19');
insert into S40CICORE.CHANGE_TRACKER (ID, CREATED, MODIFIED, SCVSTART, SCVEND, DBVSTART, DBVEND, MASTERSTART, MASTEREND, RELEASED, COMMITID) values
        (51, '2013-02-20 12:00:00', '2013-02-20 12:00:00', '2013-02-20 12:00:00', '2013-02-20 12:00:05', '2013-02-20 12:00:30', '2013-02-20 13:00:00', '2013-02-20 14:00:00', '2013-02-20 15:00:00', '2013-02-20 16:00:00', 'commitId_feb_20');
insert into S40CICORE.CHANGE_TRACKER (ID, CREATED, MODIFIED, SCVSTART, SCVEND, DBVSTART, DBVEND, MASTERSTART, MASTEREND, RELEASED, COMMITID) values
        (52, '2013-02-21 12:00:00', '2013-02-21 12:00:00', '2013-02-21 12:00:00', '2013-02-21 12:00:05', '2013-02-21 12:00:30', '2013-02-21 13:00:00', '2013-02-21 14:00:00', '2013-02-21 15:00:00', '2013-02-21 16:00:00', 'commitId_feb_21');
insert into S40CICORE.CHANGE_TRACKER (ID, CREATED, MODIFIED, SCVSTART, SCVEND, DBVSTART, DBVEND, MASTERSTART, MASTEREND, RELEASED, COMMITID) values
        (53, '2013-02-22 12:00:00', '2013-02-22 12:00:00', '2013-02-22 12:00:00', '2013-02-22 12:00:05', '2013-02-22 12:00:30', '2013-02-22 13:00:00', '2013-02-22 14:00:00', '2013-02-22 15:00:00', '2013-02-22 16:00:00', 'commitId_feb_22');
insert into S40CICORE.CHANGE_TRACKER (ID, CREATED, MODIFIED, SCVSTART, SCVEND, DBVSTART, DBVEND, MASTERSTART, MASTEREND, RELEASED, COMMITID) values
        (54, '2013-02-23 12:00:00', '2013-02-23 12:00:00', '2013-02-23 12:00:00', '2013-02-23 12:00:05', '2013-02-23 12:00:30', '2013-02-23 13:00:00', '2013-02-23 14:00:00', '2013-02-23 15:00:00', '2013-02-23 16:00:00', 'commitId_feb_23');
insert into S40CICORE.CHANGE_TRACKER (ID, CREATED, MODIFIED, SCVSTART, SCVEND, DBVSTART, DBVEND, MASTERSTART, MASTEREND, RELEASED, COMMITID) values
        (55, '2013-02-24 12:00:00', '2013-02-24 12:00:00', '2013-02-24 12:00:00', '2013-02-24 12:00:05', '2013-02-24 12:00:30', '2013-02-24 13:00:00', '2013-02-24 14:00:00', '2013-02-24 15:00:00', '2013-02-24 16:00:00', 'commitId_feb_24');
insert into S40CICORE.CHANGE_TRACKER (ID, CREATED, MODIFIED, SCVSTART, SCVEND, DBVSTART, DBVEND, MASTERSTART, MASTEREND, RELEASED, COMMITID) values
        (56, '2013-02-25 12:00:00', '2013-02-25 12:00:00', '2013-02-25 12:00:00', '2013-02-25 12:00:05', '2013-02-25 12:00:30', '2013-02-25 13:00:00', '2013-02-25 14:00:00', '2013-02-25 15:00:00', '2013-02-25 16:00:00', 'commitId_feb_25');
insert into S40CICORE.CHANGE_TRACKER (ID, CREATED, MODIFIED, SCVSTART, SCVEND, DBVSTART, DBVEND, MASTERSTART, MASTEREND, RELEASED, COMMITID) values
        (57, '2013-02-26 12:00:00', '2013-02-26 12:00:00', '2013-02-26 12:00:00', '2013-02-26 12:00:05', '2013-02-26 12:00:30', '2013-02-26 13:00:00', '2013-02-26 14:00:00', '2013-02-26 15:00:00', '2013-02-26 16:00:00', 'commitId_feb_26');
insert into S40CICORE.CHANGE_TRACKER (ID, CREATED, MODIFIED, SCVSTART, SCVEND, DBVSTART, DBVEND, MASTERSTART, MASTEREND, RELEASED, COMMITID) values
        (58, '2013-02-27 12:00:00', '2013-02-27 12:00:00', '2013-02-27 12:00:00', '2013-02-27 12:00:05', '2013-02-27 12:00:30', '2013-02-27 13:00:00', '2013-02-27 14:00:00', '2013-02-27 15:00:00', '2013-02-27 16:00:00', 'commitId_feb_27');
insert into S40CICORE.CHANGE_TRACKER (ID, CREATED, MODIFIED, SCVSTART, SCVEND, DBVSTART, DBVEND, MASTERSTART, MASTEREND, RELEASED, COMMITID) values
        (59, '2013-02-28 12:00:00', '2013-02-28 12:00:00', '2013-02-28 12:00:00', '2013-02-28 12:00:05', '2013-02-28 12:00:30', '2013-02-28 13:00:00', '2013-02-28 14:00:00', '2013-02-28 15:00:00', '2013-02-28 16:00:00', 'commitId_feb_28');

-- ATTACH CHANGE TRACKERS TO PROJECT 1 --
insert into S40CICORE.PROJECT_CHANGE_TRACKER (PROJECTS_ID, CHANGETRACKERS_ID) values (1, 1);
insert into S40CICORE.PROJECT_CHANGE_TRACKER (PROJECTS_ID, CHANGETRACKERS_ID) values (1, 2);
insert into S40CICORE.PROJECT_CHANGE_TRACKER (PROJECTS_ID, CHANGETRACKERS_ID) values (1, 3);
insert into S40CICORE.PROJECT_CHANGE_TRACKER (PROJECTS_ID, CHANGETRACKERS_ID) values (1, 4);
insert into S40CICORE.PROJECT_CHANGE_TRACKER (PROJECTS_ID, CHANGETRACKERS_ID) values (1, 5);
insert into S40CICORE.PROJECT_CHANGE_TRACKER (PROJECTS_ID, CHANGETRACKERS_ID) values (1, 6);
insert into S40CICORE.PROJECT_CHANGE_TRACKER (PROJECTS_ID, CHANGETRACKERS_ID) values (1, 7);
insert into S40CICORE.PROJECT_CHANGE_TRACKER (PROJECTS_ID, CHANGETRACKERS_ID) values (1, 8);
insert into S40CICORE.PROJECT_CHANGE_TRACKER (PROJECTS_ID, CHANGETRACKERS_ID) values (1, 9);
insert into S40CICORE.PROJECT_CHANGE_TRACKER (PROJECTS_ID, CHANGETRACKERS_ID) values (1, 10);
insert into S40CICORE.PROJECT_CHANGE_TRACKER (PROJECTS_ID, CHANGETRACKERS_ID) values (1, 11);
insert into S40CICORE.PROJECT_CHANGE_TRACKER (PROJECTS_ID, CHANGETRACKERS_ID) values (1, 12);
insert into S40CICORE.PROJECT_CHANGE_TRACKER (PROJECTS_ID, CHANGETRACKERS_ID) values (1, 13);
insert into S40CICORE.PROJECT_CHANGE_TRACKER (PROJECTS_ID, CHANGETRACKERS_ID) values (1, 14);
insert into S40CICORE.PROJECT_CHANGE_TRACKER (PROJECTS_ID, CHANGETRACKERS_ID) values (1, 15);
insert into S40CICORE.PROJECT_CHANGE_TRACKER (PROJECTS_ID, CHANGETRACKERS_ID) values (1, 16);
insert into S40CICORE.PROJECT_CHANGE_TRACKER (PROJECTS_ID, CHANGETRACKERS_ID) values (1, 17);
insert into S40CICORE.PROJECT_CHANGE_TRACKER (PROJECTS_ID, CHANGETRACKERS_ID) values (1, 18);
insert into S40CICORE.PROJECT_CHANGE_TRACKER (PROJECTS_ID, CHANGETRACKERS_ID) values (1, 19);
insert into S40CICORE.PROJECT_CHANGE_TRACKER (PROJECTS_ID, CHANGETRACKERS_ID) values (1, 20);
insert into S40CICORE.PROJECT_CHANGE_TRACKER (PROJECTS_ID, CHANGETRACKERS_ID) values (1, 21);
insert into S40CICORE.PROJECT_CHANGE_TRACKER (PROJECTS_ID, CHANGETRACKERS_ID) values (1, 22);
insert into S40CICORE.PROJECT_CHANGE_TRACKER (PROJECTS_ID, CHANGETRACKERS_ID) values (1, 23);
insert into S40CICORE.PROJECT_CHANGE_TRACKER (PROJECTS_ID, CHANGETRACKERS_ID) values (1, 24);
insert into S40CICORE.PROJECT_CHANGE_TRACKER (PROJECTS_ID, CHANGETRACKERS_ID) values (1, 25);
insert into S40CICORE.PROJECT_CHANGE_TRACKER (PROJECTS_ID, CHANGETRACKERS_ID) values (1, 26);
insert into S40CICORE.PROJECT_CHANGE_TRACKER (PROJECTS_ID, CHANGETRACKERS_ID) values (1, 27);
insert into S40CICORE.PROJECT_CHANGE_TRACKER (PROJECTS_ID, CHANGETRACKERS_ID) values (1, 28);
insert into S40CICORE.PROJECT_CHANGE_TRACKER (PROJECTS_ID, CHANGETRACKERS_ID) values (1, 29);
insert into S40CICORE.PROJECT_CHANGE_TRACKER (PROJECTS_ID, CHANGETRACKERS_ID) values (1, 30);
insert into S40CICORE.PROJECT_CHANGE_TRACKER (PROJECTS_ID, CHANGETRACKERS_ID) values (1, 31);
insert into S40CICORE.PROJECT_CHANGE_TRACKER (PROJECTS_ID, CHANGETRACKERS_ID) values (1, 32);
insert into S40CICORE.PROJECT_CHANGE_TRACKER (PROJECTS_ID, CHANGETRACKERS_ID) values (1, 33);
insert into S40CICORE.PROJECT_CHANGE_TRACKER (PROJECTS_ID, CHANGETRACKERS_ID) values (1, 34);
insert into S40CICORE.PROJECT_CHANGE_TRACKER (PROJECTS_ID, CHANGETRACKERS_ID) values (1, 35);
insert into S40CICORE.PROJECT_CHANGE_TRACKER (PROJECTS_ID, CHANGETRACKERS_ID) values (1, 36);
insert into S40CICORE.PROJECT_CHANGE_TRACKER (PROJECTS_ID, CHANGETRACKERS_ID) values (1, 37);
insert into S40CICORE.PROJECT_CHANGE_TRACKER (PROJECTS_ID, CHANGETRACKERS_ID) values (1, 38);
insert into S40CICORE.PROJECT_CHANGE_TRACKER (PROJECTS_ID, CHANGETRACKERS_ID) values (1, 39);
insert into S40CICORE.PROJECT_CHANGE_TRACKER (PROJECTS_ID, CHANGETRACKERS_ID) values (1, 40);
insert into S40CICORE.PROJECT_CHANGE_TRACKER (PROJECTS_ID, CHANGETRACKERS_ID) values (1, 41);
insert into S40CICORE.PROJECT_CHANGE_TRACKER (PROJECTS_ID, CHANGETRACKERS_ID) values (1, 42);
insert into S40CICORE.PROJECT_CHANGE_TRACKER (PROJECTS_ID, CHANGETRACKERS_ID) values (1, 43);
insert into S40CICORE.PROJECT_CHANGE_TRACKER (PROJECTS_ID, CHANGETRACKERS_ID) values (1, 44);
insert into S40CICORE.PROJECT_CHANGE_TRACKER (PROJECTS_ID, CHANGETRACKERS_ID) values (1, 45);
insert into S40CICORE.PROJECT_CHANGE_TRACKER (PROJECTS_ID, CHANGETRACKERS_ID) values (1, 46);
insert into S40CICORE.PROJECT_CHANGE_TRACKER (PROJECTS_ID, CHANGETRACKERS_ID) values (1, 47);
insert into S40CICORE.PROJECT_CHANGE_TRACKER (PROJECTS_ID, CHANGETRACKERS_ID) values (1, 48);
insert into S40CICORE.PROJECT_CHANGE_TRACKER (PROJECTS_ID, CHANGETRACKERS_ID) values (1, 49);
insert into S40CICORE.PROJECT_CHANGE_TRACKER (PROJECTS_ID, CHANGETRACKERS_ID) values (1, 50);
insert into S40CICORE.PROJECT_CHANGE_TRACKER (PROJECTS_ID, CHANGETRACKERS_ID) values (1, 51);
insert into S40CICORE.PROJECT_CHANGE_TRACKER (PROJECTS_ID, CHANGETRACKERS_ID) values (1, 52);
insert into S40CICORE.PROJECT_CHANGE_TRACKER (PROJECTS_ID, CHANGETRACKERS_ID) values (1, 53);
insert into S40CICORE.PROJECT_CHANGE_TRACKER (PROJECTS_ID, CHANGETRACKERS_ID) values (1, 54);
insert into S40CICORE.PROJECT_CHANGE_TRACKER (PROJECTS_ID, CHANGETRACKERS_ID) values (1, 55);
insert into S40CICORE.PROJECT_CHANGE_TRACKER (PROJECTS_ID, CHANGETRACKERS_ID) values (1, 56);
insert into S40CICORE.PROJECT_CHANGE_TRACKER (PROJECTS_ID, CHANGETRACKERS_ID) values (1, 57);
insert into S40CICORE.PROJECT_CHANGE_TRACKER (PROJECTS_ID, CHANGETRACKERS_ID) values (1, 58);
insert into S40CICORE.PROJECT_CHANGE_TRACKER (PROJECTS_ID, CHANGETRACKERS_ID) values (1, 59);

-- ROOT BUILDS --
-- insert into S40CICORE.BUILD (ID, CREATED, MODIFIED, STARTTIME, ENDTIME, PHASE, REFSPEC, BUILDNUMBER, STATUS, URL, JOB_ID, BUILDGROUP_ID)
-- 	values (1, '2012-01-01 12:00:00', '2012-01-01 13:00:00', '2012-01-01 12:00:04', '2012-01-01 12:02:10', 'FINISHED', 'refs/for/changes/1111', 1, 'SUCCESS', NULL, 1, 1);
-- insert into S40CICORE.BUILD (ID, CREATED, MODIFIED, STARTTIME, ENDTIME, PHASE, REFSPEC, BUILDNUMBER, STATUS, URL, JOB_ID, BUILDGROUP_ID)
-- 	values (2, '2012-01-01 12:00:01', '2012-01-01 13:00:01', '2012-01-01 12:00:05', '2012-01-01 12:06:11', 'FINISHED', 'refs/for/changes/1112', 2, 'FAILURE', NULL, 1, 1);
-- insert into S40CICORE.BUILD (ID, CREATED, MODIFIED, STARTTIME, ENDTIME, PHASE, REFSPEC, BUILDNUMBER, STATUS, URL, JOB_ID, BUILDGROUP_ID)
-- 	values (3, '2012-01-01 12:00:02', '2012-01-01 13:00:02', '2012-01-01 12:00:06', '2012-01-01 12:01:13', 'FINISHED', 'refs/for/changes/1113', 3, 'SUCCESS', NULL, 1, 1);
-- insert into S40CICORE.BUILD (ID, CREATED, MODIFIED, STARTTIME, ENDTIME, PHASE, REFSPEC, BUILDNUMBER, STATUS, URL, JOB_ID, BUILDGROUP_ID)
-- 	values (4, '2012-01-01 12:00:00', '2012-01-01 13:00:00', '2012-01-01 12:00:04', '2012-01-01 12:02:10', 'FINISHED', 'refs/for/changes/1114', 4, 'SUCCESS', NULL, 2, 2);
-- insert into S40CICORE.BUILD (ID, CREATED, MODIFIED, STARTTIME, ENDTIME, PHASE, REFSPEC, BUILDNUMBER, STATUS, URL, JOB_ID, BUILDGROUP_ID)
-- 	values (5, '2012-01-01 12:00:01', '2012-01-01 13:00:01', '2012-01-01 12:00:05', '2012-01-01 12:06:11', 'FINISHED', 'refs/for/changes/1115', 5, 'SUCCESS', NULL, 2, 3);
-- insert into S40CICORE.BUILD (ID, CREATED, MODIFIED, STARTTIME, ENDTIME, PHASE, REFSPEC, BUILDNUMBER, STATUS, URL, JOB_ID, BUILDGROUP_ID)
-- 	values (6, '2012-01-01 12:00:02', '2012-01-01 13:00:02', '2012-01-01 12:00:06', '2012-01-01 12:01:13', 'FINISHED', 'refs/for/changes/1116', 6, 'FAILURE', NULL, 2, 3);
-- insert into S40CICORE.BUILD (ID, CREATED, MODIFIED, STARTTIME, ENDTIME, PHASE, REFSPEC, BUILDNUMBER, STATUS, URL, JOB_ID, BUILDGROUP_ID)
-- 	values (7, '2012-01-01 12:00:07', '2012-01-01 13:00:07', '2012-01-01 12:00:07', '2012-01-01 12:01:07', 'STARTED', 'refs/for/changes/1117', 7, 'UNSTABLE', NULL, 2, 3);
-- insert into S40CICORE.BUILD (ID, CREATED, MODIFIED, STARTTIME, ENDTIME, PHASE, REFSPEC, BUILDNUMBER, STATUS, URL, JOB_ID, BUILDGROUP_ID)
-- 	values (8, '2012-01-01 12:00:08', '2012-01-01 13:00:08', '2012-01-01 12:00:07', '2012-01-01 12:01:07', 'STARTED', 'refs/for/changes/1118', 8, 'SUCCESS', NULL, 7, 5);


-- CHILD BUILDS FOR ROOT BUILD WITH ID 7--
insert into S40CICORE.BUILD (ID, CREATED, MODIFIED, STARTTIME, ENDTIME, PHASE, REFSPEC, BUILDNUMBER, STATUS, URL, BUILDGROUP_ID, STARTNODE)
	values (9, '2012-01-01 12:00:02', '2012-01-01 13:00:02', '2012-01-01 12:00:06', '2012-01-01 13:00:06', 'STARTED', 'refs/for/changes/1112', 9, 'SUCCESS', NULL, 1, 1);
insert into S40CICORE.BUILD (ID, CREATED, MODIFIED, STARTTIME, ENDTIME, PHASE, REFSPEC, BUILDNUMBER, STATUS, URL, BUILDGROUP_ID, STARTNODE)
	values (10, '2012-01-01 12:00:03', '2012-01-01 13:00:03', NULL, NULL, 'CONFIGURED', 'refs/for/changes/1112', 9, 'SUCCESS', NULL, 1, 1);
insert into S40CICORE.BUILD (ID, CREATED, MODIFIED, STARTTIME, ENDTIME, PHASE, REFSPEC, BUILDNUMBER, STATUS, URL, BUILDGROUP_ID, STARTNODE)
	values (11, '2012-01-01 12:00:04', '2012-01-01 13:00:04', '2012-01-01 12:00:07', '2012-01-01 12:00:12', 'FINISHED', 'refs/for/changes/1112', 10, 'NOT_BUILT', NULL, 1, 1);
insert into S40CICORE.BUILD (ID, CREATED, MODIFIED, STARTTIME, ENDTIME, PHASE, REFSPEC, BUILDNUMBER, STATUS, URL, BUILDGROUP_ID, STARTNODE)
	values (12, '2012-01-01 12:00:04', '2012-01-01 13:00:04', '2012-01-01 12:00:07', '2012-01-01 12:00:34', 'FINISHED', 'refs/for/changes/1112', 11, 'ABORTED', NULL, 1, 1);
insert into S40CICORE.BUILD (ID, CREATED, MODIFIED, STARTTIME, ENDTIME, PHASE, REFSPEC, BUILDNUMBER, STATUS, URL, BUILDGROUP_ID, STARTNODE)
	values (13, '2012-01-01 12:00:04', '2012-01-01 13:00:04', '2012-01-01 12:00:07', '2012-01-01 12:00:32', 'FINISHED', 'refs/for/changes/1112', 12, 'UNSTABLE', NULL, 1, 1);
insert into S40CICORE.BUILD (ID, CREATED, MODIFIED, STARTTIME, ENDTIME, PHASE, REFSPEC, BUILDNUMBER, STATUS, URL, BUILDGROUP_ID, STARTNODE)
	values (14, '2012-01-01 12:00:02', '2012-01-01 13:00:02', '2012-01-01 12:00:06', '2012-01-01 12:01:13', 'FINISHED', 'refs/for/changes/1113', 13, 'SUCCESS', NULL, 1, 1);


-- CHILD BUILDS FOR BUILD ID 9, 13 --
insert into S40CICORE.BUILD (ID, CREATED, MODIFIED, STARTTIME, ENDTIME, PHASE, REFSPEC, BUILDNUMBER, STATUS, URL, BUILDGROUP_ID, STARTNODE)
	values (15, '2012-01-01 12:00:02', '2012-01-01 13:00:02', '2012-01-01 12:00:06', NULL, 'STARTED', 'refs/for/changes/1112', 15, 'SUCCESS', NULL, 1, 0);
insert into S40CICORE.BUILD (ID, CREATED, MODIFIED, STARTTIME, ENDTIME, PHASE, REFSPEC, BUILDNUMBER, STATUS, URL, BUILDGROUP_ID, STARTNODE)
	values (16, '2012-01-01 12:00:02', '2012-01-01 13:00:02', '2012-01-01 12:00:06', '2012-01-01 12:01:13', 'FINISHED', 'refs/for/changes/1113', 16, 'SUCCESS', NULL, 1, 0);
insert into S40CICORE.BUILD (ID, CREATED, MODIFIED, STARTTIME, ENDTIME, PHASE, REFSPEC, BUILDNUMBER, STATUS, URL, BUILDGROUP_ID, STARTNODE)
	values (17, '2012-01-01 12:00:02', '2012-01-01 13:00:02', '2012-01-01 12:00:06', NULL, 'STARTED', 'refs/for/changes/1112', 17, 'SUCCESS', NULL, 1, 0);

-- CHILD BUILDS FOR ROOT BUILD WITH ID 8--
insert into S40CICORE.BUILD (ID, CREATED, MODIFIED, STARTTIME, ENDTIME, PHASE, REFSPEC, BUILDNUMBER, STATUS, URL, BUILDGROUP_ID, STARTNODE, EXECUTOR)
	values (19, '2012-01-01 12:00:02', '2012-01-01 13:00:02', '2012-01-01 12:00:06', '2012-01-01 12:01:13', 'STARTED', 'refs/for/changes/1113', 19, 'SUCCESS', NULL, 1, 1, 'HOST1');
insert into S40CICORE.BUILD (ID, CREATED, MODIFIED, STARTTIME, ENDTIME, PHASE, REFSPEC, BUILDNUMBER, STATUS, URL, BUILDGROUP_ID, STARTNODE, EXECUTOR)
	values (20, '2012-01-01 12:00:02', '2012-01-01 13:00:02', '2012-01-01 12:00:06', '2012-01-01 12:01:13', 'STARTED', 'refs/for/changes/1113', 20, 'SUCCESS', NULL, 1, 1, 'HOST2');
insert into S40CICORE.BUILD (ID, CREATED, MODIFIED, STARTTIME, ENDTIME, PHASE, REFSPEC, BUILDNUMBER, STATUS, URL, BUILDGROUP_ID, STARTNODE)
	values (21, '2012-01-01 12:00:02', '2012-01-01 13:00:02', '2012-01-01 12:00:06', '2012-01-01 12:01:13', 'STARTED', 'refs/for/changes/1113', 21, 'SUCCESS', NULL, 5, 1);
insert into S40CICORE.BUILD (ID, CREATED, MODIFIED, STARTTIME, ENDTIME, PHASE, REFSPEC, BUILDNUMBER, STATUS, URL, BUILDGROUP_ID, STARTNODE)
	values (22, '2012-01-01 12:00:02', '2012-01-01 13:00:02', '2012-01-01 12:00:06', '2012-01-01 12:01:13', 'STARTED', 'refs/for/changes/1113', 22, 'SUCCESS', NULL, 5, 0);
insert into S40CICORE.BUILD (ID, CREATED, MODIFIED, STARTTIME, ENDTIME, PHASE, REFSPEC, BUILDNUMBER, STATUS, URL, BUILDGROUP_ID, STARTNODE)
	values (23, '2012-01-01 12:00:02', '2012-01-01 13:00:02', '2012-01-01 12:00:06', '2012-01-01 12:01:13', 'STARTED', 'refs/for/changes/1113', 23, 'SUCCESS', NULL, 5, 0);
insert into S40CICORE.BUILD (ID, CREATED, MODIFIED, STARTTIME, ENDTIME, PHASE, REFSPEC, BUILDNUMBER, STATUS, URL, BUILDGROUP_ID, STARTNODE)
	values (24, '2012-01-01 12:00:02', '2012-01-01 13:00:02', '2012-01-01 12:00:06', '2012-01-01 12:01:13', 'STARTED', 'refs/for/changes/1113', 24, 'SUCCESS', NULL, 5, 0);
insert into S40CICORE.BUILD (ID, CREATED, MODIFIED, STARTTIME, ENDTIME, PHASE, REFSPEC, BUILDNUMBER, STATUS, URL, BUILDGROUP_ID, STARTNODE, JOBDISPLAYNAME)
	values (25, '2012-01-01 12:00:02', '2012-01-01 13:00:02', '2012-01-01 12:00:06', '2012-01-01 12:01:13', 'STARTED', 'refs/for/changes/1113', 25, 'SUCCESS', NULL, 1, 0, 'This is job display name');
insert into S40CICORE.BUILD (ID, CREATED, MODIFIED, STARTTIME, ENDTIME, PHASE, REFSPEC, BUILDNUMBER, STATUS, URL, BUILDGROUP_ID, STARTNODE, JOBDISPLAYNAME)
	values (26, '2012-01-01 12:00:02', '2012-01-01 13:00:02', '2012-01-01 12:00:06', '2012-01-01 12:01:13', 'STARTED', 'refs/for/changes/1113', 26, 'SUCCESS', NULL, 1, 0, 'This is job display name');
insert into S40CICORE.BUILD (ID, CREATED, MODIFIED, STARTTIME, ENDTIME, PHASE, REFSPEC, BUILDNUMBER, STATUS, URL, BUILDGROUP_ID, STARTNODE, JOBDISPLAYNAME)
	values (27, '2012-01-01 12:00:02', '2012-01-01 13:00:02', '2012-01-01 12:00:06', '2012-01-01 12:01:13', 'STARTED', 'refs/for/changes/1113', 27, 'SUCCESS', NULL, 1, 0, 'This is job display name');

-- BUILD GROUPS FOR METRICS TESTING: ONE BUILD PER DAY. FIRST BUILD IS ONE MINUTE LONG. SECOND IS TWO MINUTES AND SO FORTH. BUILDS FOR TWO MONTH.

--- FIRST MONTH JAN 2013 ---
insert into S40CICORE.BUILD_GROUP (ID, CREATED, MODIFIED, STARTTIME, ENDTIME, PHASE, GERRITREFSPEC, STATUS, URL, JOB_ID, BRANCHTYPE)
	values (28, '2013-01-01 12:00:00', '2013-01-01 13:00:00', '2013-01-01 12:00:00', '2013-01-01 12:01:00', 'FINISHED', 'refs/for/changes/1117', 'SUCCESS', NULL, 2, 'DEVELOPMENT');
insert into S40CICORE.BUILD_GROUP (ID, CREATED, MODIFIED, STARTTIME, ENDTIME, PHASE, GERRITREFSPEC, STATUS, URL, JOB_ID, BRANCHTYPE)
	values (29, '2013-01-01 12:00:00', '2013-01-01 13:00:00', '2013-01-02 12:00:00', '2013-01-02 12:02:00', 'FINISHED', 'refs/for/changes/1117', 'SUCCESS', NULL, 2, 'DEVELOPMENT');
insert into S40CICORE.BUILD_GROUP (ID, CREATED, MODIFIED, STARTTIME, ENDTIME, PHASE, GERRITREFSPEC, STATUS, URL, JOB_ID, BRANCHTYPE)
	values (30, '2013-01-01 12:00:00', '2013-01-01 13:00:00', '2013-01-03 12:00:00', '2013-01-03 12:03:00', 'FINISHED', 'refs/for/changes/1117', 'SUCCESS', NULL, 2, 'DEVELOPMENT');
insert into S40CICORE.BUILD_GROUP (ID, CREATED, MODIFIED, STARTTIME, ENDTIME, PHASE, GERRITREFSPEC, STATUS, URL, JOB_ID, BRANCHTYPE)
	values (31, '2013-01-01 12:00:00', '2013-01-01 13:00:00', '2013-01-04 12:00:00', '2013-01-04 12:04:00', 'FINISHED', 'refs/for/changes/1117', 'SUCCESS', NULL, 2, 'DEVELOPMENT');
insert into S40CICORE.BUILD_GROUP (ID, CREATED, MODIFIED, STARTTIME, ENDTIME, PHASE, GERRITREFSPEC, STATUS, URL, JOB_ID, BRANCHTYPE)
	values (32, '2013-01-01 12:00:00', '2013-01-01 13:00:00', '2013-01-05 12:00:00', '2013-01-05 12:05:00', 'FINISHED', 'refs/for/changes/1117', 'SUCCESS', NULL, 2, 'DEVELOPMENT');
insert into S40CICORE.BUILD_GROUP (ID, CREATED, MODIFIED, STARTTIME, ENDTIME, PHASE, GERRITREFSPEC, STATUS, URL, JOB_ID, BRANCHTYPE)
	values (33, '2013-01-01 12:00:00', '2013-01-01 13:00:00', '2013-01-06 12:00:00', '2013-01-06 12:06:00', 'FINISHED', 'refs/for/changes/1117', 'SUCCESS', NULL, 2, 'DEVELOPMENT');
insert into S40CICORE.BUILD_GROUP (ID, CREATED, MODIFIED, STARTTIME, ENDTIME, PHASE, GERRITREFSPEC, STATUS, URL, JOB_ID, BRANCHTYPE)
	values (34, '2013-01-01 12:00:00', '2013-01-01 13:00:00', '2013-01-07 12:00:00', '2013-01-07 12:07:00', 'FINISHED', 'refs/for/changes/1117', 'SUCCESS', NULL, 2, 'DEVELOPMENT');
insert into S40CICORE.BUILD_GROUP (ID, CREATED, MODIFIED, STARTTIME, ENDTIME, PHASE, GERRITREFSPEC, STATUS, URL, JOB_ID, BRANCHTYPE)
	values (35, '2013-01-01 12:00:00', '2013-01-01 13:00:00', '2013-01-08 12:00:00', '2013-01-08 12:08:00', 'FINISHED', 'refs/for/changes/1117', 'SUCCESS', NULL, 2, 'DEVELOPMENT');
insert into S40CICORE.BUILD_GROUP (ID, CREATED, MODIFIED, STARTTIME, ENDTIME, PHASE, GERRITREFSPEC, STATUS, URL, JOB_ID, BRANCHTYPE)
	values (36, '2013-01-01 12:00:00', '2013-01-01 13:00:00', '2013-01-09 12:00:00', '2013-01-09 12:09:00', 'FINISHED', 'refs/for/changes/1117', 'SUCCESS', NULL, 2, 'DEVELOPMENT');
insert into S40CICORE.BUILD_GROUP (ID, CREATED, MODIFIED, STARTTIME, ENDTIME, PHASE, GERRITREFSPEC, STATUS, URL, JOB_ID, BRANCHTYPE)
	values (37, '2013-01-01 12:00:00', '2013-01-01 13:00:00', '2013-01-10 12:00:00', '2013-01-10 12:10:00', 'FINISHED', 'refs/for/changes/1117', 'SUCCESS', NULL, 2, 'DEVELOPMENT');
insert into S40CICORE.BUILD_GROUP (ID, CREATED, MODIFIED, STARTTIME, ENDTIME, PHASE, GERRITREFSPEC, STATUS, URL, JOB_ID, BRANCHTYPE)
	values (38, '2013-01-01 12:00:00', '2013-01-01 13:00:00', '2013-01-11 12:00:00', '2013-01-11 12:11:00', 'FINISHED', 'refs/for/changes/1117', 'SUCCESS', NULL, 2, 'DEVELOPMENT');
insert into S40CICORE.BUILD_GROUP (ID, CREATED, MODIFIED, STARTTIME, ENDTIME, PHASE, GERRITREFSPEC, STATUS, URL, JOB_ID, BRANCHTYPE)
	values (39, '2013-01-01 12:00:00', '2013-01-01 13:00:00', '2013-01-12 12:00:00', '2013-01-12 12:12:00', 'FINISHED', 'refs/for/changes/1117', 'SUCCESS', NULL, 2, 'DEVELOPMENT');
insert into S40CICORE.BUILD_GROUP (ID, CREATED, MODIFIED, STARTTIME, ENDTIME, PHASE, GERRITREFSPEC, STATUS, URL, JOB_ID, BRANCHTYPE)
	values (40, '2013-01-01 12:00:00', '2013-01-01 13:00:00', '2013-01-13 12:00:00', '2013-01-13 12:13:00', 'FINISHED', 'refs/for/changes/1117', 'SUCCESS', NULL, 2, 'DEVELOPMENT');
insert into S40CICORE.BUILD_GROUP (ID, CREATED, MODIFIED, STARTTIME, ENDTIME, PHASE, GERRITREFSPEC, STATUS, URL, JOB_ID, BRANCHTYPE)
	values (41, '2013-01-01 12:00:00', '2013-01-01 13:00:00', '2013-01-14 12:00:00', '2013-01-14 12:14:00', 'FINISHED', 'refs/for/changes/1117', 'SUCCESS', NULL, 2, 'DEVELOPMENT');
insert into S40CICORE.BUILD_GROUP (ID, CREATED, MODIFIED, STARTTIME, ENDTIME, PHASE, GERRITREFSPEC, STATUS, URL, JOB_ID, BRANCHTYPE)
	values (42, '2013-01-01 12:00:00', '2013-01-01 13:00:00', '2013-01-15 12:00:00', '2013-01-15 12:15:00', 'FINISHED', 'refs/for/changes/1117', 'SUCCESS', NULL, 2, 'DEVELOPMENT');
insert into S40CICORE.BUILD_GROUP (ID, CREATED, MODIFIED, STARTTIME, ENDTIME, PHASE, GERRITREFSPEC, STATUS, URL, JOB_ID, BRANCHTYPE)
	values (43, '2013-01-01 12:00:00', '2013-01-01 13:00:00', '2013-01-16 12:00:00', '2013-01-16 12:16:00', 'FINISHED', 'refs/for/changes/1117', 'SUCCESS', NULL, 2, 'DEVELOPMENT');
insert into S40CICORE.BUILD_GROUP (ID, CREATED, MODIFIED, STARTTIME, ENDTIME, PHASE, GERRITREFSPEC, STATUS, URL, JOB_ID, BRANCHTYPE)
	values (44, '2013-01-01 12:00:00', '2013-01-01 13:00:00', '2013-01-17 12:00:00', '2013-01-17 12:17:00', 'FINISHED', 'refs/for/changes/1117', 'SUCCESS', NULL, 2, 'DEVELOPMENT');
insert into S40CICORE.BUILD_GROUP (ID, CREATED, MODIFIED, STARTTIME, ENDTIME, PHASE, GERRITREFSPEC, STATUS, URL, JOB_ID, BRANCHTYPE)
	values (45, '2013-01-01 12:00:00', '2013-01-01 13:00:00', '2013-01-18 12:00:00', '2013-01-18 12:18:00', 'FINISHED', 'refs/for/changes/1117', 'SUCCESS', NULL, 2, 'DEVELOPMENT');
insert into S40CICORE.BUILD_GROUP (ID, CREATED, MODIFIED, STARTTIME, ENDTIME, PHASE, GERRITREFSPEC, STATUS, URL, JOB_ID, BRANCHTYPE)
	values (46, '2013-01-01 12:00:00', '2013-01-01 13:00:00', '2013-01-19 12:00:00', '2013-01-19 12:19:00', 'FINISHED', 'refs/for/changes/1117', 'SUCCESS', NULL, 2, 'DEVELOPMENT');
insert into S40CICORE.BUILD_GROUP (ID, CREATED, MODIFIED, STARTTIME, ENDTIME, PHASE, GERRITREFSPEC, STATUS, URL, JOB_ID, BRANCHTYPE)
	values (47, '2013-01-01 12:00:00', '2013-01-01 13:00:00', '2013-01-20 12:00:00', '2013-01-20 12:20:00', 'FINISHED', 'refs/for/changes/1117', 'SUCCESS', NULL, 2, 'DEVELOPMENT');
insert into S40CICORE.BUILD_GROUP (ID, CREATED, MODIFIED, STARTTIME, ENDTIME, PHASE, GERRITREFSPEC, STATUS, URL, JOB_ID, BRANCHTYPE)
	values (48, '2013-01-01 12:00:00', '2013-01-01 13:00:00', '2013-01-21 12:00:00', '2013-01-21 12:21:00', 'FINISHED', 'refs/for/changes/1117', 'SUCCESS', NULL, 2, 'DEVELOPMENT');
insert into S40CICORE.BUILD_GROUP (ID, CREATED, MODIFIED, STARTTIME, ENDTIME, PHASE, GERRITREFSPEC, STATUS, URL, JOB_ID, BRANCHTYPE)
	values (49, '2013-01-01 12:00:00', '2013-01-01 13:00:00', '2013-01-22 12:00:00', '2013-01-22 12:22:00', 'FINISHED', 'refs/for/changes/1117', 'SUCCESS', NULL, 2, 'DEVELOPMENT');
insert into S40CICORE.BUILD_GROUP (ID, CREATED, MODIFIED, STARTTIME, ENDTIME, PHASE, GERRITREFSPEC, STATUS, URL, JOB_ID, BRANCHTYPE)
	values (50, '2013-01-01 12:00:00', '2013-01-01 13:00:00', '2013-01-23 12:00:00', '2013-01-23 12:23:00', 'FINISHED', 'refs/for/changes/1117', 'SUCCESS', NULL, 2, 'DEVELOPMENT');
insert into S40CICORE.BUILD_GROUP (ID, CREATED, MODIFIED, STARTTIME, ENDTIME, PHASE, GERRITREFSPEC, STATUS, URL, JOB_ID, BRANCHTYPE)
	values (51, '2013-01-01 12:00:00', '2013-01-01 13:00:00', '2013-01-24 12:00:00', '2013-01-24 12:24:00', 'FINISHED', 'refs/for/changes/1117', 'SUCCESS', NULL, 2, 'DEVELOPMENT');
insert into S40CICORE.BUILD_GROUP (ID, CREATED, MODIFIED, STARTTIME, ENDTIME, PHASE, GERRITREFSPEC, STATUS, URL, JOB_ID, BRANCHTYPE)
	values (52, '2013-01-01 12:00:00', '2013-01-01 13:00:00', '2013-01-25 12:00:00', '2013-01-25 12:25:00', 'FINISHED', 'refs/for/changes/1117', 'SUCCESS', NULL, 2, 'DEVELOPMENT');
insert into S40CICORE.BUILD_GROUP (ID, CREATED, MODIFIED, STARTTIME, ENDTIME, PHASE, GERRITREFSPEC, STATUS, URL, JOB_ID, BRANCHTYPE)
	values (53, '2013-01-01 12:00:00', '2013-01-01 13:00:00', '2013-01-26 12:00:00', '2013-01-26 12:26:00', 'FINISHED', 'refs/for/changes/1117', 'SUCCESS', NULL, 2, 'DEVELOPMENT');
insert into S40CICORE.BUILD_GROUP (ID, CREATED, MODIFIED, STARTTIME, ENDTIME, PHASE, GERRITREFSPEC, STATUS, URL, JOB_ID, BRANCHTYPE)
	values (54, '2013-01-01 12:00:00', '2013-01-01 13:00:00', '2013-01-27 12:00:00', '2013-01-27 12:27:00', 'FINISHED', 'refs/for/changes/1117', 'SUCCESS', NULL, 2, 'DEVELOPMENT');
insert into S40CICORE.BUILD_GROUP (ID, CREATED, MODIFIED, STARTTIME, ENDTIME, PHASE, GERRITREFSPEC, STATUS, URL, JOB_ID, BRANCHTYPE)
	values (55, '2013-01-01 12:00:00', '2013-01-01 13:00:00', '2013-01-28 12:00:00', '2013-01-28 12:28:00', 'FINISHED', 'refs/for/changes/1117', 'SUCCESS', NULL, 2, 'DEVELOPMENT');
insert into S40CICORE.BUILD_GROUP (ID, CREATED, MODIFIED, STARTTIME, ENDTIME, PHASE, GERRITREFSPEC, STATUS, URL, JOB_ID, BRANCHTYPE)
	values (56, '2013-01-01 12:00:00', '2013-01-01 13:00:00', '2013-01-29 12:00:00', '2013-01-29 12:29:00', 'FINISHED', 'refs/for/changes/1117', 'SUCCESS', NULL, 2, 'DEVELOPMENT');
insert into S40CICORE.BUILD_GROUP (ID, CREATED, MODIFIED, STARTTIME, ENDTIME, PHASE, GERRITREFSPEC, STATUS, URL, JOB_ID, BRANCHTYPE)
	values (57, '2013-01-01 12:00:00', '2013-01-01 13:00:00', '2013-01-30 12:00:00', '2013-01-30 12:30:00', 'FINISHED', 'refs/for/changes/1117', 'SUCCESS', NULL, 2, 'DEVELOPMENT');
insert into S40CICORE.BUILD_GROUP (ID, CREATED, MODIFIED, STARTTIME, ENDTIME, PHASE, GERRITREFSPEC, STATUS, URL, JOB_ID, BRANCHTYPE)
	values (58, '2013-01-01 12:00:00', '2013-01-01 13:00:00', '2013-01-31 12:00:00', '2013-01-31 12:31:00', 'FINISHED', 'refs/for/changes/1117', 'SUCCESS', NULL, 2, 'DEVELOPMENT');

--- SECOND MONTH FEB 2013. ---
insert into S40CICORE.BUILD_GROUP (ID, CREATED, MODIFIED, STARTTIME, ENDTIME, PHASE, GERRITREFSPEC, STATUS, URL, JOB_ID, BRANCHTYPE)
	values (59, '2013-01-01 12:00:00', '2013-01-01 13:00:00', '2013-02-01 12:00:00', '2013-02-01 12:01:00', 'FINISHED', 'refs/for/changes/1117', 'SUCCESS', NULL, 2, 'DEVELOPMENT');
insert into S40CICORE.BUILD_GROUP (ID, CREATED, MODIFIED, STARTTIME, ENDTIME, PHASE, GERRITREFSPEC, STATUS, URL, JOB_ID, BRANCHTYPE)
	values (60, '2013-01-01 12:00:00', '2013-01-01 13:00:00', '2013-02-02 12:00:00', '2013-02-02 12:02:00', 'FINISHED', 'refs/for/changes/1117', 'FAILURE', NULL, 2, 'DEVELOPMENT');
insert into S40CICORE.BUILD_GROUP (ID, CREATED, MODIFIED, STARTTIME, ENDTIME, PHASE, GERRITREFSPEC, STATUS, URL, JOB_ID, BRANCHTYPE)
	values (61, '2013-01-01 12:00:00', '2013-01-01 13:00:00', '2013-02-03 12:00:00', '2013-02-03 12:03:00', 'FINISHED', 'refs/for/changes/1117', 'UNSTABLE', NULL, 2, 'DEVELOPMENT');
insert into S40CICORE.BUILD_GROUP (ID, CREATED, MODIFIED, STARTTIME, ENDTIME, PHASE, GERRITREFSPEC, STATUS, URL, JOB_ID, BRANCHTYPE)
	values (62, '2013-01-01 12:00:00', '2013-01-01 13:00:00', '2013-02-04 12:00:00', '2013-02-04 12:04:00', 'FINISHED', 'refs/for/changes/1117', 'ABORTED', NULL, 2, 'DEVELOPMENT');
insert into S40CICORE.BUILD_GROUP (ID, CREATED, MODIFIED, STARTTIME, ENDTIME, PHASE, GERRITREFSPEC, STATUS, URL, JOB_ID, BRANCHTYPE)
	values (63, '2013-01-01 12:00:00', '2013-01-01 13:00:00', '2013-02-05 12:00:00', '2013-02-05 12:05:00', 'FINISHED', 'refs/for/changes/1117', 'SUCCESS', NULL, 2, 'DEVELOPMENT');
insert into S40CICORE.BUILD_GROUP (ID, CREATED, MODIFIED, STARTTIME, ENDTIME, PHASE, GERRITREFSPEC, STATUS, URL, JOB_ID, BRANCHTYPE)
	values (64, '2013-01-01 12:00:00', '2013-01-01 13:00:00', '2013-02-06 12:00:00', '2013-02-06 12:06:00', 'FINISHED', 'refs/for/changes/1117', 'NOT_BUILT', NULL, 2, 'DEVELOPMENT');
insert into S40CICORE.BUILD_GROUP (ID, CREATED, MODIFIED, STARTTIME, ENDTIME, PHASE, GERRITREFSPEC, STATUS, URL, JOB_ID, BRANCHTYPE)
	values (65, '2013-01-01 12:00:00', '2013-01-01 13:00:00', '2013-02-07 12:00:00', '2013-02-07 12:07:00', 'FINISHED', 'refs/for/changes/1117', 'UNSTABLE', NULL, 2, 'DEVELOPMENT');
insert into S40CICORE.BUILD_GROUP (ID, CREATED, MODIFIED, STARTTIME, ENDTIME, PHASE, GERRITREFSPEC, STATUS, URL, JOB_ID, BRANCHTYPE)
	values (66, '2013-01-01 12:00:00', '2013-01-01 13:00:00', '2013-02-08 12:00:00', '2013-02-08 12:08:00', 'FINISHED', 'refs/for/changes/1117', 'FAILURE', NULL, 2, 'DEVELOPMENT');
insert into S40CICORE.BUILD_GROUP (ID, CREATED, MODIFIED, STARTTIME, ENDTIME, PHASE, GERRITREFSPEC, STATUS, URL, JOB_ID, BRANCHTYPE)
	values (67, '2013-01-01 12:00:00', '2013-01-01 13:00:00', '2013-02-09 12:00:00', '2013-02-09 12:09:00', 'FINISHED', 'refs/for/changes/1117', 'SUCCESS', NULL, 2, 'DEVELOPMENT');
insert into S40CICORE.BUILD_GROUP (ID, CREATED, MODIFIED, STARTTIME, ENDTIME, PHASE, GERRITREFSPEC, STATUS, URL, JOB_ID, BRANCHTYPE)
	values (68, '2013-01-01 12:00:00', '2013-01-01 13:00:00', '2013-02-10 12:00:00', '2013-02-10 12:10:00', 'FINISHED', 'refs/for/changes/1117', 'ABORTED', NULL, 2, 'DEVELOPMENT');
insert into S40CICORE.BUILD_GROUP (ID, CREATED, MODIFIED, STARTTIME, ENDTIME, PHASE, GERRITREFSPEC, STATUS, URL, JOB_ID, BRANCHTYPE)
	values (69, '2013-01-01 12:00:00', '2013-01-01 13:00:00', '2013-02-11 12:00:00', '2013-02-11 12:11:00', 'FINISHED', 'refs/for/changes/1117', 'UNSTABLE', NULL, 2, 'DEVELOPMENT');
insert into S40CICORE.BUILD_GROUP (ID, CREATED, MODIFIED, STARTTIME, ENDTIME, PHASE, GERRITREFSPEC, STATUS, URL, JOB_ID, BRANCHTYPE)
	values (70, '2013-01-01 12:00:00', '2013-01-01 13:00:00', '2013-02-12 12:00:00', '2013-02-12 12:12:00', 'FINISHED', 'refs/for/changes/1117', 'NOT_BUILT', NULL, 2, 'DEVELOPMENT');
insert into S40CICORE.BUILD_GROUP (ID, CREATED, MODIFIED, STARTTIME, ENDTIME, PHASE, GERRITREFSPEC, STATUS, URL, JOB_ID, BRANCHTYPE)
	values (71, '2013-01-01 12:00:00', '2013-01-01 13:00:00', '2013-02-13 12:00:00', '2013-02-13 12:13:00', 'FINISHED', 'refs/for/changes/1117', 'SUCCESS', NULL, 2, 'DEVELOPMENT');
insert into S40CICORE.BUILD_GROUP (ID, CREATED, MODIFIED, STARTTIME, ENDTIME, PHASE, GERRITREFSPEC, STATUS, URL, JOB_ID, BRANCHTYPE)
	values (72, '2013-01-01 12:00:00', '2013-01-01 13:00:00', '2013-02-14 12:00:00', '2013-02-14 12:14:00', 'FINISHED', 'refs/for/changes/1117', 'FAILURE', NULL, 2, 'DEVELOPMENT');
insert into S40CICORE.BUILD_GROUP (ID, CREATED, MODIFIED, STARTTIME, ENDTIME, PHASE, GERRITREFSPEC, STATUS, URL, JOB_ID, BRANCHTYPE)
	values (73, '2013-01-01 12:00:00', '2013-01-01 13:00:00', '2013-02-15 12:00:00', '2013-02-15 12:15:00', 'FINISHED', 'refs/for/changes/1117', 'UNSTABLE', NULL, 2, 'DEVELOPMENT');
insert into S40CICORE.BUILD_GROUP (ID, CREATED, MODIFIED, STARTTIME, ENDTIME, PHASE, GERRITREFSPEC, STATUS, URL, JOB_ID, BRANCHTYPE)
	values (74, '2013-01-01 12:00:00', '2013-01-01 13:00:00', '2013-02-16 12:00:00', '2013-02-16 12:16:00', 'FINISHED', 'refs/for/changes/1117', 'ABORTED', NULL, 2, 'DEVELOPMENT');
insert into S40CICORE.BUILD_GROUP (ID, CREATED, MODIFIED, STARTTIME, ENDTIME, PHASE, GERRITREFSPEC, STATUS, URL, JOB_ID, BRANCHTYPE)
	values (75, '2013-01-01 12:00:00', '2013-01-01 13:00:00', '2013-02-17 12:00:00', '2013-02-17 12:17:00', 'FINISHED', 'refs/for/changes/1117', 'SUCCESS', NULL, 2, 'DEVELOPMENT');
insert into S40CICORE.BUILD_GROUP (ID, CREATED, MODIFIED, STARTTIME, ENDTIME, PHASE, GERRITREFSPEC, STATUS, URL, JOB_ID, BRANCHTYPE)
	values (76, '2013-01-01 12:00:00', '2013-01-01 13:00:00', '2013-02-18 12:00:00', '2013-02-18 12:18:00', 'FINISHED', 'refs/for/changes/1117', 'NOT_BUILT', NULL, 2, 'DEVELOPMENT');
insert into S40CICORE.BUILD_GROUP (ID, CREATED, MODIFIED, STARTTIME, ENDTIME, PHASE, GERRITREFSPEC, STATUS, URL, JOB_ID, BRANCHTYPE)
	values (77, '2013-01-01 12:00:00', '2013-01-01 13:00:00', '2013-02-19 12:00:00', '2013-02-19 12:19:00', 'FINISHED', 'refs/for/changes/1117', 'UNSTABLE', NULL, 2, 'DEVELOPMENT');
insert into S40CICORE.BUILD_GROUP (ID, CREATED, MODIFIED, STARTTIME, ENDTIME, PHASE, GERRITREFSPEC, STATUS, URL, JOB_ID, BRANCHTYPE)
	values (78, '2013-01-01 12:00:00', '2013-01-01 13:00:00', '2013-02-20 12:00:00', '2013-02-20 12:20:00', 'FINISHED', 'refs/for/changes/1117', 'FAILURE', NULL, 2, 'DEVELOPMENT');
insert into S40CICORE.BUILD_GROUP (ID, CREATED, MODIFIED, STARTTIME, ENDTIME, PHASE, GERRITREFSPEC, STATUS, URL, JOB_ID, BRANCHTYPE)
	values (79, '2013-01-01 12:00:00', '2013-01-01 13:00:00', '2013-02-21 12:00:00', '2013-02-21 12:21:00', 'FINISHED', 'refs/for/changes/1117', 'SUCCESS', NULL, 2, 'DEVELOPMENT');
insert into S40CICORE.BUILD_GROUP (ID, CREATED, MODIFIED, STARTTIME, ENDTIME, PHASE, GERRITREFSPEC, STATUS, URL, JOB_ID, BRANCHTYPE)
	values (80, '2013-01-01 12:00:00', '2013-01-01 13:00:00', '2013-02-22 12:00:00', '2013-02-22 12:22:00', 'FINISHED', 'refs/for/changes/1117', 'ABORTED', NULL, 2, 'DEVELOPMENT');
insert into S40CICORE.BUILD_GROUP (ID, CREATED, MODIFIED, STARTTIME, ENDTIME, PHASE, GERRITREFSPEC, STATUS, URL, JOB_ID, BRANCHTYPE)
	values (81, '2013-01-01 12:00:00', '2013-01-01 13:00:00', '2013-02-23 12:00:00', '2013-02-23 12:23:00', 'FINISHED', 'refs/for/changes/1117', 'UNSTABLE', NULL, 2, 'DEVELOPMENT');
insert into S40CICORE.BUILD_GROUP (ID, CREATED, MODIFIED, STARTTIME, ENDTIME, PHASE, GERRITREFSPEC, STATUS, URL, JOB_ID, BRANCHTYPE)
	values (82, '2013-01-01 12:00:00', '2013-01-01 13:00:00', '2013-02-24 12:00:00', '2013-02-24 12:24:00', 'FINISHED', 'refs/for/changes/1117', 'NOT_BUILT', NULL, 2, 'DEVELOPMENT');
insert into S40CICORE.BUILD_GROUP (ID, CREATED, MODIFIED, STARTTIME, ENDTIME, PHASE, GERRITREFSPEC, STATUS, URL, JOB_ID, BRANCHTYPE)
	values (83, '2013-01-01 12:00:00', '2013-01-01 13:00:00', '2013-02-25 12:00:00', '2013-02-25 12:25:00', 'FINISHED', 'refs/for/changes/1117', 'SUCCESS', NULL, 2, 'DEVELOPMENT');
insert into S40CICORE.BUILD_GROUP (ID, CREATED, MODIFIED, STARTTIME, ENDTIME, PHASE, GERRITREFSPEC, STATUS, URL, JOB_ID, BRANCHTYPE)
	values (84, '2013-01-01 12:00:00', '2013-01-01 13:00:00', '2013-02-26 12:00:00', '2013-02-26 12:26:00', 'FINISHED', 'refs/for/changes/1117', 'FAILURE', NULL, 2, 'DEVELOPMENT');
insert into S40CICORE.BUILD_GROUP (ID, CREATED, MODIFIED, STARTTIME, ENDTIME, PHASE, GERRITREFSPEC, STATUS, URL, JOB_ID, BRANCHTYPE)
	values (85, '2013-01-01 12:00:00', '2013-01-01 13:00:00', '2013-02-27 12:00:00', '2013-02-27 12:27:00', 'FINISHED', 'refs/for/changes/1117', 'UNSTABLE', NULL, 2, 'DEVELOPMENT');
insert into S40CICORE.BUILD_GROUP (ID, CREATED, MODIFIED, STARTTIME, ENDTIME, PHASE, GERRITREFSPEC, STATUS, URL, JOB_ID, BRANCHTYPE)
	values (86, '2013-01-01 12:00:00', '2013-01-01 13:00:00', '2013-02-28 12:00:00', '2013-02-28 12:28:00', 'FINISHED', 'refs/for/changes/1117', 'ABORTED', NULL, 2, 'DEVELOPMENT');

-- BUILDS FOR PROJECT X MASTER VERIFICATION
insert into S40CICORE.BUILD (ID, CREATED, MODIFIED, STARTTIME, ENDTIME, PHASE, REFSPEC, BUILDNUMBER, STATUS, URL, BUILDGROUP_ID, STARTNODE)
	values (87, '2013-01-01 12:00:00', '2013-01-01 13:00:00', '2013-02-28 12:00:00', '2013-02-28 12:28:00', 'FINISHED', 'refs/for/changes/1117', 1, 'SUCCESS', NULL, 4, 0);
insert into S40CICORE.BUILD (ID, CREATED, MODIFIED, STARTTIME, ENDTIME, PHASE, REFSPEC, BUILDNUMBER, STATUS, URL, BUILDGROUP_ID, STARTNODE)
	values (88, '2013-02-01 12:00:00', '2013-02-01 13:00:00', '2013-03-28 12:00:00', '2013-03-28 12:28:00', 'FINISHED', 'refs/for/changes/1117', 2, 'FAILURE', NULL, 4, 0);

-- BUILDS FOR PROJECT X & Y SINGLE COMMIT VERIFICATION
insert into S40CICORE.BUILD (ID, CREATED, MODIFIED, STARTTIME, ENDTIME, PHASE, REFSPEC, BUILDNUMBER, STATUS, URL, BUILDGROUP_ID)
	values (89, '2013-01-01 12:00:00', '2013-01-01 13:00:00', '2013-02-12 12:00:00', '2013-02-12 12:28:00', 'FINISHED', 'refs/for/changes/1117', 1, 'SUCCESS', NULL, 4);
insert into S40CICORE.BUILD (ID, CREATED, MODIFIED, STARTTIME, ENDTIME, PHASE, REFSPEC, BUILDNUMBER, STATUS, URL, BUILDGROUP_ID)
	values (90, '2013-01-01 12:00:00', '2013-01-01 13:00:00', '2013-02-12 12:00:00', '2013-02-12 12:28:00', 'FINISHED', 'refs/for/changes/1117', 2, 'FAILURE', NULL, 5);
insert into S40CICORE.BUILD (ID, CREATED, MODIFIED, STARTTIME, ENDTIME, PHASE, REFSPEC, BUILDNUMBER, STATUS, URL, BUILDGROUP_ID)
	values (91, '2013-01-01 12:00:00', '2013-01-01 13:00:00', '2013-02-12 12:00:00', '2013-02-12 12:28:00', 'FINISHED', 'refs/for/changes/1117', 1, 'SUCCESS', NULL, 4);
insert into S40CICORE.BUILD (ID, CREATED, MODIFIED, STARTTIME, ENDTIME, PHASE, REFSPEC, BUILDNUMBER, STATUS, URL, BUILDGROUP_ID)
	values (92, '2013-01-01 12:00:00', '2013-01-01 13:00:00', '2013-02-12 12:00:00', '2013-02-12 12:28:00', 'FINISHED', 'refs/for/changes/1117', 2, 'FAILURE', NULL, 5);
insert into S40CICORE.BUILD (ID, CREATED, MODIFIED, STARTTIME, ENDTIME, PHASE, REFSPEC, BUILDNUMBER, STATUS, URL, BUILDGROUP_ID)
	values (93, '2013-01-01 12:00:00', '2013-01-01 13:00:00', '2013-02-12 12:00:00', '2013-02-12 12:28:00', 'FINISHED', 'refs/for/changes/1117', 2, 'SUCCESS', NULL, 5);
insert into S40CICORE.BUILD (ID, CREATED, MODIFIED, STARTTIME, ENDTIME, PHASE, REFSPEC, BUILDNUMBER, STATUS, URL, BUILDGROUP_ID)
	values (94, '2013-01-01 12:00:00', '2013-01-01 13:00:00', '2013-02-12 12:00:00', '2013-02-12 12:28:00', 'FINISHED', 'refs/for/changes/1117', 2, 'SUCCESS', NULL, 5);
insert into S40CICORE.BUILD (ID, CREATED, MODIFIED, STARTTIME, ENDTIME, PHASE, REFSPEC, BUILDNUMBER, STATUS, URL, BUILDGROUP_ID)
	values (95, '2013-01-01 12:00:00', '2013-01-01 13:00:00', '2013-02-12 12:00:00', '2013-02-12 12:28:00', 'FINISHED', 'refs/for/changes/1117', 2, 'SUCCESS', NULL, 4);
insert into S40CICORE.BUILD (ID, CREATED, MODIFIED, STARTTIME, ENDTIME, PHASE, REFSPEC, BUILDNUMBER, STATUS, URL, BUILDGROUP_ID)
	values (96, '2013-01-01 12:00:00', '2013-01-01 13:00:00', '2013-02-12 12:00:00', '2013-02-12 12:28:00', 'FINISHED', 'refs/for/changes/1117', 2, 'SUCCESS', NULL, 4);
insert into S40CICORE.BUILD (ID, CREATED, MODIFIED, STARTTIME, ENDTIME, PHASE, REFSPEC, BUILDNUMBER, STATUS, URL, BUILDGROUP_ID)
	values (97, '2013-01-01 12:00:00', '2013-01-01 13:00:00', '2013-02-12 12:00:00', '2013-02-12 12:28:00', 'FINISHED', 'refs/for/changes/1117', 2, 'SUCCESS', NULL, 4);

-- BUILDS FOR PROJECT X DEVELOPMENT VERIFICATION
insert into S40CICORE.BUILD (ID, CREATED, MODIFIED, STARTTIME, ENDTIME, PHASE, REFSPEC, BUILDNUMBER, STATUS, URL, BUILDGROUP_ID)
	values (98, '2013-01-01 12:00:00', '2013-01-01 13:00:00', '2013-03-12 12:00:00', '2013-03-12 12:28:00', 'FINISHED', 'refs/for/changes/1117', 3, 'SUCCESS', NULL, 70);
insert into S40CICORE.BUILD (ID, CREATED, MODIFIED, STARTTIME, ENDTIME, PHASE, REFSPEC, BUILDNUMBER, STATUS, URL, BUILDGROUP_ID)
	values (99, '2013-01-01 12:00:00', '2013-01-01 13:00:00', '2013-03-12 12:00:00', '2013-03-12 12:28:00', 'FINISHED', 'refs/for/changes/1117', 3, 'UNSTABLE', NULL, 2);
insert into S40CICORE.BUILD (ID, CREATED, MODIFIED, STARTTIME, ENDTIME, PHASE, REFSPEC, BUILDNUMBER, STATUS, URL, BUILDGROUP_ID)
	values (100, '2013-01-01 12:00:00', '2013-01-01 13:00:00', '2013-03-12 12:00:00', '2013-03-12 12:28:00', 'FINISHED', 'refs/for/changes/1118', 3, 'UNSTABLE', NULL, 2);

--- X development verification builds, to display statistics graphs ---
insert into S40CICORE.BUILD (ID, CREATED, MODIFIED, STARTTIME, ENDTIME, PHASE, REFSPEC, BUILDNUMBER, STATUS, URL, BUILDGROUP_ID)
	values (101, '2013-01-01 12:00:00', '2013-01-01 13:00:00', '2013-06-12 12:00:00', '2013-06-12 12:10:00', 'FINISHED', 'refs/for/changes/1118', 1, 'UNSTABLE', NULL, 2);
insert into S40CICORE.BUILD (ID, CREATED, MODIFIED, STARTTIME, ENDTIME, PHASE, REFSPEC, BUILDNUMBER, STATUS, URL, BUILDGROUP_ID)
	values (102, '2013-01-01 12:00:00', '2013-01-01 13:00:00', '2013-06-12 12:15:00', '2013-06-12 12:30:00', 'FINISHED', 'refs/for/changes/1118', 1, 'UNSTABLE', NULL, 3);
insert into S40CICORE.BUILD (ID, CREATED, MODIFIED, STARTTIME, ENDTIME, PHASE, REFSPEC, BUILDNUMBER, STATUS, URL, BUILDGROUP_ID)
	values (103, '2013-01-01 12:00:00', '2013-01-01 13:00:00', '2013-06-12 12:45:00', '2013-06-12 13:00:00', 'FINISHED', 'refs/for/changes/1118', 1, 'UNSTABLE', NULL, 8);
insert into S40CICORE.BUILD (ID, CREATED, MODIFIED, STARTTIME, ENDTIME, PHASE, REFSPEC, BUILDNUMBER, STATUS, URL, BUILDGROUP_ID)
	values (104, '2013-01-01 12:00:00', '2013-01-01 13:00:00', '2013-06-12 13:08:00', '2013-06-12 13:20:00', 'FINISHED', 'refs/for/changes/1118', 1, 'UNSTABLE', NULL, 9);
insert into S40CICORE.BUILD (ID, CREATED, MODIFIED, STARTTIME, ENDTIME, PHASE, REFSPEC, BUILDNUMBER, STATUS, URL, BUILDGROUP_ID)
	values (105, '2013-01-01 12:00:00', '2013-01-01 13:00:00', '2013-06-12 14:00:00', '2013-06-12 14:28:00', 'FINISHED', 'refs/for/changes/1118', 1, 'UNSTABLE', NULL, 10);


-- BUILD_EVENT
insert into S40CICORE.BUILD_EVENT (ID, CREATED, MODIFIED, DESCRIPTION, NAME, PHASE, TIMESTAMP, BUILD_ID)
  values (1, '2013-01-01 12:00:00', '2013-01-01 12:00:00', 'test event', 'SCM', 'START', 7000, 19);
insert into S40CICORE.BUILD_EVENT (ID, CREATED, MODIFIED, DESCRIPTION, NAME, PHASE, TIMESTAMP, BUILD_ID)
  values (2, '2013-01-01 12:01:00', '2013-01-01 12:01:00', 'test event', 'SCM', 'END', 180765, 19);
insert into S40CICORE.BUILD_EVENT (ID, CREATED, MODIFIED, DESCRIPTION, NAME, PHASE, TIMESTAMP, BUILD_ID)
  values (3, '2013-01-01 12:00:00', '2013-01-01 12:00:00', 'test event', 'BUILD', 'START', 182000, 19);
insert into S40CICORE.BUILD_EVENT (ID, CREATED, MODIFIED, DESCRIPTION, NAME, PHASE, TIMESTAMP, BUILD_ID)
  values (4, '2013-01-01 12:01:00', '2013-01-01 12:01:00', 'test event', 'BUILD', 'END', 302250, 19);
insert into S40CICORE.BUILD_EVENT (ID, CREATED, MODIFIED, DESCRIPTION, NAME, PHASE, TIMESTAMP, BUILD_ID)
  values (5, '2013-01-01 12:00:00', '2013-01-01 12:00:00', 'test event', 'TEST', 'START', 305500, 19);
insert into S40CICORE.BUILD_EVENT (ID, CREATED, MODIFIED, DESCRIPTION, NAME, PHASE, TIMESTAMP, BUILD_ID)
  values (6, '2013-01-01 12:01:00', '2013-01-01 12:01:00', 'test event', 'TEST', 'END', 850000, 19);

insert into S40CICORE.BUILD_EVENT (ID, CREATED, MODIFIED, DESCRIPTION, NAME, PHASE, TIMESTAMP, BUILD_ID)
  values (7, '2013-01-01 12:00:00', '2013-01-01 12:00:00', 'test event', 'SCM', 'START', 15000, 20);
insert into S40CICORE.BUILD_EVENT (ID, CREATED, MODIFIED, DESCRIPTION, NAME, PHASE, TIMESTAMP, BUILD_ID)
  values (8, '2013-01-01 12:01:00', '2013-01-01 12:01:00', 'test event', 'SCM', 'END', 250765, 20);
insert into S40CICORE.BUILD_EVENT (ID, CREATED, MODIFIED, DESCRIPTION, NAME, PHASE, TIMESTAMP, BUILD_ID)
  values (9, '2013-01-01 12:00:00', '2013-01-01 12:00:00', 'test event', 'BUILD', 'START', 252000, 20);
insert into S40CICORE.BUILD_EVENT (ID, CREATED, MODIFIED, DESCRIPTION, NAME, PHASE, TIMESTAMP, BUILD_ID)
  values (10, '2013-01-01 12:01:00', '2013-01-01 12:01:00', 'test event', 'BUILD', 'END', 730250, 20);
insert into S40CICORE.BUILD_EVENT (ID, CREATED, MODIFIED, DESCRIPTION, NAME, PHASE, TIMESTAMP, BUILD_ID)
  values (11, '2013-01-01 12:00:00', '2013-01-01 12:00:00', 'test event', 'TEST', 'START', 732500, 20);
insert into S40CICORE.BUILD_EVENT (ID, CREATED, MODIFIED, DESCRIPTION, NAME, PHASE, TIMESTAMP, BUILD_ID)
  values (12, '2013-01-01 12:01:00', '2013-01-01 12:01:00', 'test event', 'TEST', 'END', 990000, 20);

-- BUILD_BUILD
insert into S40CICORE.BUILD_BUILD (PARENTBUILDS_ID, CHILDBUILDS_ID) values (9, 14);
insert into S40CICORE.BUILD_BUILD (PARENTBUILDS_ID, CHILDBUILDS_ID) values (9, 16);
insert into S40CICORE.BUILD_BUILD (PARENTBUILDS_ID, CHILDBUILDS_ID) values (13, 14);
insert into S40CICORE.BUILD_BUILD (PARENTBUILDS_ID, CHILDBUILDS_ID) values (10, 14);
insert into S40CICORE.BUILD_BUILD (PARENTBUILDS_ID, CHILDBUILDS_ID) values (14, 15);
insert into S40CICORE.BUILD_BUILD (PARENTBUILDS_ID, CHILDBUILDS_ID) values (12, 15);
insert into S40CICORE.BUILD_BUILD (PARENTBUILDS_ID, CHILDBUILDS_ID) values (15, 16);
insert into S40CICORE.BUILD_BUILD (PARENTBUILDS_ID, CHILDBUILDS_ID) values (16, 17);
insert into S40CICORE.BUILD_BUILD (PARENTBUILDS_ID, CHILDBUILDS_ID) values (21, 22);
insert into S40CICORE.BUILD_BUILD (PARENTBUILDS_ID, CHILDBUILDS_ID) values (21, 23);
insert into S40CICORE.BUILD_BUILD (PARENTBUILDS_ID, CHILDBUILDS_ID) values (23, 24);
insert into S40CICORE.BUILD_BUILD (PARENTBUILDS_ID, CHILDBUILDS_ID) values (25, 26);
insert into S40CICORE.BUILD_BUILD (PARENTBUILDS_ID, CHILDBUILDS_ID) values (25, 27);
insert into S40CICORE.BUILD_BUILD (PARENTBUILDS_ID, CHILDBUILDS_ID) values (89, 96);
insert into S40CICORE.BUILD_BUILD (PARENTBUILDS_ID, CHILDBUILDS_ID) values (89, 97);

-- BUILD_VERIFICATION_CONFS --
insert into S40CICORE.BUILD_VERIFICATION_CONF (ID, CREATED, PRODUCTDISPLAYNAME, PRODUCTNAME, VERIFICATIONDISPLAYNAME, VERIFICATIONNAME, BUILD_ID, CARDINALITY, VERIFICATIONUUID, PRODUCTUUID)
        values (1, CURRENT_TIMESTAMP, 'Product 1', 'product1', 'NJUnit cppunit test', 'cppunit', 9, 'MANDATORY', 'verification_5_uuid', 'product_5_uuid');
insert into S40CICORE.BUILD_VERIFICATION_CONF (ID, CREATED, PRODUCTDISPLAYNAME, PRODUCTNAME, VERIFICATIONDISPLAYNAME, VERIFICATIONNAME, BUILD_ID)
        values (2, CURRENT_TIMESTAMP, 'Product 2', 'product2', 'eno mem consumption test', 'verification2', 10);
insert into S40CICORE.BUILD_VERIFICATION_CONF (ID, CREATED, PRODUCTDISPLAYNAME, PRODUCTNAME, VERIFICATIONDISPLAYNAME, VERIFICATIONNAME, BUILD_ID)
        values (3, CURRENT_TIMESTAMP, 'Product 2', 'product2', 'Verification 3 with even longer name than in number 1', 'verification3', 11);
insert into S40CICORE.BUILD_VERIFICATION_CONF (ID, CREATED, PRODUCTDISPLAYNAME, PRODUCTNAME, VERIFICATIONDISPLAYNAME, VERIFICATIONNAME, BUILD_ID)
        values (4, CURRENT_TIMESTAMP, 'Product 2', 'product2', 'Verification 4 with even longer name than in number 1', 'verification4', 12);
insert into S40CICORE.BUILD_VERIFICATION_CONF (ID, CREATED, PRODUCTDISPLAYNAME, PRODUCTNAME, VERIFICATIONDISPLAYNAME, VERIFICATIONNAME, BUILD_ID)
        values (5, CURRENT_TIMESTAMP, 'Product 2', 'product2', 'Verification 5 with even longer name than in number 1', 'verification5', 13);
insert into S40CICORE.BUILD_VERIFICATION_CONF (ID, CREATED, PRODUCTDISPLAYNAME, PRODUCTNAME, VERIFICATIONDISPLAYNAME, VERIFICATIONNAME, BUILD_ID)
        values (6, CURRENT_TIMESTAMP, 'Product 3', 'product2', 'Verification 6 with even longer name than in number 1', 'verification6', 14);
insert into S40CICORE.BUILD_VERIFICATION_CONF (ID, CREATED, PRODUCTDISPLAYNAME, PRODUCTNAME, VERIFICATIONDISPLAYNAME, VERIFICATIONNAME, BUILD_ID)
        values (7, CURRENT_TIMESTAMP, 'Product 4', 'product2', 'Verification 7 with even longer name than in number 1', 'verification7', 15);
insert into S40CICORE.BUILD_VERIFICATION_CONF (ID, CREATED, PRODUCTDISPLAYNAME, PRODUCTNAME, VERIFICATIONDISPLAYNAME, VERIFICATIONNAME, BUILD_ID)
        values (8, CURRENT_TIMESTAMP, 'Product 2', 'product2', 'Verification 5 with even longer name than in number 1', 'verification5', 16);
insert into S40CICORE.BUILD_VERIFICATION_CONF (ID, CREATED, PRODUCTDISPLAYNAME, PRODUCTNAME, VERIFICATIONDISPLAYNAME, VERIFICATIONNAME, BUILD_ID)
        values (9, CURRENT_TIMESTAMP, 'Product 2', 'product2', 'Verification 5 with even longer name than in number 1', 'verification5', 17);
insert into S40CICORE.BUILD_VERIFICATION_CONF (ID, CREATED, PRODUCTDISPLAYNAME, PRODUCTNAME, VERIFICATIONDISPLAYNAME, VERIFICATIONNAME, BUILD_ID, CARDINALITY)
        values (10, CURRENT_TIMESTAMP, 'Product 2', 'product2', 'Verification 5 with even longer name than in number 1', 'verification5', 19, 'OPTIONAL');
insert into S40CICORE.BUILD_VERIFICATION_CONF (ID, CREATED, PRODUCTDISPLAYNAME, PRODUCTNAME, VERIFICATIONDISPLAYNAME, VERIFICATIONNAME, BUILD_ID, CARDINALITY)
        values (11, CURRENT_TIMESTAMP, 'Product 2', 'product2', 'Verification 5 with even longer name than in number 1', 'verification5', 20, 'MANDATORY');
insert into S40CICORE.BUILD_VERIFICATION_CONF (ID, CREATED, PRODUCTDISPLAYNAME, PRODUCTNAME, VERIFICATIONDISPLAYNAME, VERIFICATIONNAME, BUILD_ID, CARDINALITY)
        values (12, CURRENT_TIMESTAMP, 'Product 2', 'product2', 'Verification 5 with even longer name than in number 1', 'verification5', 21, 'OPTIONAL');
insert into S40CICORE.BUILD_VERIFICATION_CONF (ID, CREATED, PRODUCTDISPLAYNAME, PRODUCTNAME, VERIFICATIONDISPLAYNAME, VERIFICATIONNAME, BUILD_ID, CARDINALITY)
        values (13, CURRENT_TIMESTAMP, 'Product 2', 'product2', 'Verification 5 with even longer name than in number 1', 'verification5', 22, 'MANDATORY');
insert into S40CICORE.BUILD_VERIFICATION_CONF (ID, CREATED, PRODUCTDISPLAYNAME, PRODUCTNAME, VERIFICATIONDISPLAYNAME, VERIFICATIONNAME, BUILD_ID, CARDINALITY)
        values (14, CURRENT_TIMESTAMP, 'Product 2', 'product2', 'Verification 5 with even longer name than in number 1', 'verification5', 23, 'OPTIONAL');

--- Add one more verification conf for data integrity.
insert into S40CICORE.BUILD_VERIFICATION_CONF (ID, CREATED, PRODUCTDISPLAYNAME, PRODUCTNAME, VERIFICATIONDISPLAYNAME, VERIFICATIONNAME, BUILD_ID, CARDINALITY, VERIFICATIONUUID, PRODUCTUUID)
        values (74, CURRENT_TIMESTAMP, 'Product 2', 'product2', 'Verification 5 with even longer name than in number 1', 'verification5', 24, 'OPTIONAL', 'verification_5_uuid', 'product_5_uuid');

--- Add below verification conf for test metrics.
insert into S40CICORE.BUILD_VERIFICATION_CONF (ID, CREATED, PRODUCTDISPLAYNAME, PRODUCTNAME, VERIFICATIONDISPLAYNAME, VERIFICATIONNAME, BUILD_ID, CARDINALITY, VERIFICATIONUUID, PRODUCTUUID)
        values (75, CURRENT_TIMESTAMP, 'Product 2', 'product2', 'Verification 5 with even longer name than in number 1', 'verification5', 87, 'OPTIONAL', 'verification_5_uuid', 'product_5_uuid');
insert into S40CICORE.BUILD_VERIFICATION_CONF (ID, CREATED, PRODUCTDISPLAYNAME, PRODUCTNAME, VERIFICATIONDISPLAYNAME, VERIFICATIONNAME, BUILD_ID, CARDINALITY, VERIFICATIONUUID, PRODUCTUUID)
        values (76, CURRENT_TIMESTAMP, 'Product 2', 'product2', 'Verification 5 with even longer name than in number 1', 'verification5', 88, 'OPTIONAL', 'verification_5_uuid', 'product_5_uuid');
insert into S40CICORE.BUILD_VERIFICATION_CONF (ID, CREATED, PRODUCTDISPLAYNAME, PRODUCTNAME, VERIFICATIONDISPLAYNAME, VERIFICATIONNAME, BUILD_ID, CARDINALITY, VERIFICATIONUUID, PRODUCTUUID)
        values (77, CURRENT_TIMESTAMP, 'Product 2', 'product2', 'Verification 5 with even longer name than in number 1', 'verification5', 98, 'OPTIONAL', 'verification_5_uuid', 'product_5_uuid');

insert into S40CICORE.BUILD_VERIFICATION_CONF (ID, CREATED, PRODUCTDISPLAYNAME, PRODUCTNAME, VERIFICATIONDISPLAYNAME, VERIFICATIONNAME, BUILD_ID, CARDINALITY, VERIFICATIONUUID, PRODUCTUUID)
        values (78, CURRENT_TIMESTAMP, 'Product 2', 'product2', 'Verification 5 with even longer name than in number 1', 'verification5', 99, 'OPTIONAL', 'verification_5_uuid', 'product_5_uuid');
insert into S40CICORE.BUILD_VERIFICATION_CONF (ID, CREATED, PRODUCTDISPLAYNAME, PRODUCTNAME, VERIFICATIONDISPLAYNAME, VERIFICATIONNAME, BUILD_ID, CARDINALITY, VERIFICATIONUUID, PRODUCTUUID)
        values (79, CURRENT_TIMESTAMP, 'Product 3', 'product3', 'Verification 5 with even longer name than in number 1', 'verification5', 100, 'OPTIONAL', 'verification_5_uuid', 'product_3_uuid');
insert into S40CICORE.BUILD_VERIFICATION_CONF (ID, CREATED, PRODUCTDISPLAYNAME, PRODUCTNAME, VERIFICATIONDISPLAYNAME, VERIFICATIONNAME, BUILD_ID, CARDINALITY, VERIFICATIONUUID, PRODUCTUUID)
        values (80, CURRENT_TIMESTAMP, 'Product 1', 'product1', 'Verification with test statistics', 'verification_6', 101, 'OPTIONAL', 'verification_6_uuid', 'product_1_uuid');
insert into S40CICORE.BUILD_VERIFICATION_CONF (ID, CREATED, PRODUCTDISPLAYNAME, PRODUCTNAME, VERIFICATIONDISPLAYNAME, VERIFICATIONNAME, BUILD_ID, CARDINALITY, VERIFICATIONUUID, PRODUCTUUID)
        values (81, CURRENT_TIMESTAMP, 'Product 1', 'product1', 'Verification with test statistics', 'verification_6', 102, 'OPTIONAL', 'verification_6_uuid', 'product_1_uuid');
insert into S40CICORE.BUILD_VERIFICATION_CONF (ID, CREATED, PRODUCTDISPLAYNAME, PRODUCTNAME, VERIFICATIONDISPLAYNAME, VERIFICATIONNAME, BUILD_ID, CARDINALITY, VERIFICATIONUUID, PRODUCTUUID)
        values (82, CURRENT_TIMESTAMP, 'Product 1', 'product1', 'Verification with test statistics', 'verification_6', 103, 'OPTIONAL', 'verification_6_uuid', 'product_1_uuid');
insert into S40CICORE.BUILD_VERIFICATION_CONF (ID, CREATED, PRODUCTDISPLAYNAME, PRODUCTNAME, VERIFICATIONDISPLAYNAME, VERIFICATIONNAME, BUILD_ID, CARDINALITY, VERIFICATIONUUID, PRODUCTUUID)
        values (83, CURRENT_TIMESTAMP, 'Product 1', 'product1', 'Verification with test statistics', 'verification_6', 104, 'OPTIONAL', 'verification_6_uuid', 'product_1_uuid');
insert into S40CICORE.BUILD_VERIFICATION_CONF (ID, CREATED, PRODUCTDISPLAYNAME, PRODUCTNAME, VERIFICATIONDISPLAYNAME, VERIFICATIONNAME, BUILD_ID, CARDINALITY, VERIFICATIONUUID, PRODUCTUUID)
        values (84, CURRENT_TIMESTAMP, 'Product 1', 'product1', 'Verification with test statistics', 'verification_6', 105, 'OPTIONAL', 'verification_6_uuid', 'product_1_uuid');

--- Add components
insert into S40CICORE.COMPONENT (ID, "NAME", BUILDGROUP_ID)
        values (1, 'Component1', 4);
insert into S40CICORE.COMPONENT (ID, "NAME", BUILDGROUP_ID)
        values (2, 'Component2', 4);
insert into S40CICORE.COMPONENT (ID, "NAME", BUILDGROUP_ID)
        values (3, 'Component3', 4);
insert into S40CICORE.COMPONENT (ID, "NAME", BUILDGROUP_ID)
        values (4, 'Component4', 4);
insert into S40CICORE.COMPONENT (ID, "NAME", BUILDGROUP_ID)
        values (5, 'Component5', 4);
insert into S40CICORE.COMPONENT (ID, "NAME", BUILDGROUP_ID)
        values (6, 'Component6', 4);
insert into S40CICORE.COMPONENT (ID, "NAME", BUILDGROUP_ID)
        values (7, 'Component7', 4);
insert into S40CICORE.COMPONENT (ID, "NAME", BUILDGROUP_ID)
        values (8, 'Component8', 4);
insert into S40CICORE.COMPONENT (ID, "NAME", BUILDGROUP_ID)
        values (9, 'Component9', 4);
insert into S40CICORE.COMPONENT (ID, "NAME", BUILDGROUP_ID)
        values (10, 'Component10', 4);
insert into S40CICORE.COMPONENT (ID, "NAME", BUILDGROUP_ID)
        values (11, 'Component11', 4);
insert into S40CICORE.COMPONENT (ID, "NAME", BUILDGROUP_ID)
        values (12, 'Component12', 4);
insert into S40CICORE.COMPONENT (ID, "NAME", BUILDGROUP_ID)
        values (13, 'Component13', 4);
insert into S40CICORE.COMPONENT (ID, "NAME", BUILDGROUP_ID)
        values (14, 'Component14', 4);
insert into S40CICORE.COMPONENT (ID, "NAME", BUILDGROUP_ID)
        values (15, 'Component15', 4);
insert into S40CICORE.COMPONENT (ID, "NAME", BUILDGROUP_ID)
        values (16, 'Component16', 4);
insert into S40CICORE.COMPONENT (ID, "NAME", BUILDGROUP_ID)
        values (17, 'Component17', 4);
insert into S40CICORE.COMPONENT (ID, "NAME", BUILDGROUP_ID)
        values (18, 'Component18', 4);
insert into S40CICORE.COMPONENT (ID, "NAME", BUILDGROUP_ID)
        values (19, 'Component19', 4);
insert into S40CICORE.COMPONENT (ID, "NAME", BUILDGROUP_ID)
        values (20, 'Component20', 4);
insert into S40CICORE.COMPONENT (ID, "NAME", BUILDGROUP_ID)
        values (21, 'Component21', 4);
insert into S40CICORE.COMPONENT (ID, "NAME", BUILDGROUP_ID)
        values (22, 'Component22', 4);
insert into S40CICORE.COMPONENT (ID, "NAME", BUILDGROUP_ID)
        values (23, 'Component23', 4);
insert into S40CICORE.COMPONENT (ID, "NAME", BUILDGROUP_ID)
        values (24, 'Component24', 4);
insert into S40CICORE.COMPONENT (ID, "NAME", BUILDGROUP_ID)
        values (25, 'Component25', 4);
insert into S40CICORE.COMPONENT (ID, "NAME", BUILDGROUP_ID)
        values (26, 'Component26', 4);
insert into S40CICORE.COMPONENT (ID, "NAME", BUILDGROUP_ID)
        values (27, 'Component27', 4);
insert into S40CICORE.COMPONENT (ID, "NAME", BUILDGROUP_ID)
        values (28, 'Component28', 4);
insert into S40CICORE.COMPONENT (ID, "NAME", BUILDGROUP_ID)
        values (29, 'Component29', 4);
insert into S40CICORE.COMPONENT (ID, "NAME", BUILDGROUP_ID)
        values (30, 'Component30', 4);
insert into S40CICORE.COMPONENT (ID, "NAME", BUILDGROUP_ID)
        values (31, 'Component31', 4);
insert into S40CICORE.COMPONENT (ID, "NAME", BUILDGROUP_ID)
        values (32, 'Component32', 4);
insert into S40CICORE.COMPONENT (ID, "NAME", BUILDGROUP_ID)
        values (33, 'Component33', 4);
insert into S40CICORE.COMPONENT (ID, "NAME", BUILDGROUP_ID)
        values (34, 'Component34', 4);
insert into S40CICORE.COMPONENT (ID, "NAME", BUILDGROUP_ID)
        values (35, 'Component35', 4);
insert into S40CICORE.COMPONENT (ID, "NAME", BUILDGROUP_ID)
        values (36, 'Component36', 4);
insert into S40CICORE.COMPONENT (ID, "NAME", BUILDGROUP_ID)
        values (37, 'Component37', 4);
insert into S40CICORE.COMPONENT (ID, "NAME", BUILDGROUP_ID)
        values (38, 'Component38', 4);
insert into S40CICORE.COMPONENT (ID, "NAME", BUILDGROUP_ID)
        values (39, 'Component39', 4);
insert into S40CICORE.COMPONENT (ID, "NAME", BUILDGROUP_ID)
        values (40, 'Component40', 4);

insert into S40CICORE.COMPONENT (ID, "NAME", BUILDGROUP_ID)
        values (41, 'Component A', 2);


--- Add memory consumptions
insert into S40CICORE.MEM_CONSUMPTION (ID, ROM, RAM, COMPONENT_ID, BUILD_ID)
        values (1, 11.2, 12.5, 1, 87);
insert into S40CICORE.MEM_CONSUMPTION (ID, ROM, RAM, COMPONENT_ID, BUILD_ID)
        values (2, 33, 78, 2, 87);
insert into S40CICORE.MEM_CONSUMPTION (ID, ROM, RAM, COMPONENT_ID, BUILD_ID)
        values (3, 111, 222, 3, 87);
insert into S40CICORE.MEM_CONSUMPTION (ID, ROM, RAM, COMPONENT_ID, BUILD_ID)
        values (4, 45, 55, 4, 87);
insert into S40CICORE.MEM_CONSUMPTION (ID, ROM, RAM, COMPONENT_ID, BUILD_ID)
        values (5, 120, 20, 5, 87);
insert into S40CICORE.MEM_CONSUMPTION (ID, ROM, RAM, COMPONENT_ID, BUILD_ID)
        values (6, 11.2, 12.5, 6, 87);
insert into S40CICORE.MEM_CONSUMPTION (ID, ROM, RAM, COMPONENT_ID, BUILD_ID)
        values (7, 33, 7, 2, 87);
insert into S40CICORE.MEM_CONSUMPTION (ID, ROM, RAM, COMPONENT_ID, BUILD_ID)
        values (8, 111, 222, 8, 87);
insert into S40CICORE.MEM_CONSUMPTION (ID, ROM, RAM, COMPONENT_ID, BUILD_ID)
        values (9, 45, 55, 9, 87);
insert into S40CICORE.MEM_CONSUMPTION (ID, ROM, RAM, COMPONENT_ID, BUILD_ID)
        values (10, 120, 20, 10, 87);
insert into S40CICORE.MEM_CONSUMPTION (ID, ROM, RAM, COMPONENT_ID, BUILD_ID)
        values (11, 11.2, 12.5, 11, 87);
insert into S40CICORE.MEM_CONSUMPTION (ID, ROM, RAM, COMPONENT_ID, BUILD_ID)
        values (12, 33, 78, 12, 87);
insert into S40CICORE.MEM_CONSUMPTION (ID, ROM, RAM, COMPONENT_ID, BUILD_ID)
        values (13, 111, 222, 13, 87);
insert into S40CICORE.MEM_CONSUMPTION (ID, ROM, RAM, COMPONENT_ID, BUILD_ID)
        values (14, 45, 55, 14, 87);
insert into S40CICORE.MEM_CONSUMPTION (ID, ROM, RAM, COMPONENT_ID, BUILD_ID)
        values (15, 120, 20, 15, 87);
insert into S40CICORE.MEM_CONSUMPTION (ID, ROM, RAM, COMPONENT_ID, BUILD_ID)
        values (16, 11.2, 12.5, 16, 87);
insert into S40CICORE.MEM_CONSUMPTION (ID, ROM, RAM, COMPONENT_ID, BUILD_ID)
        values (17, 33, 78, 17, 87);
insert into S40CICORE.MEM_CONSUMPTION (ID, ROM, RAM, COMPONENT_ID, BUILD_ID)
        values (18, 111, 222, 18, 87);
insert into S40CICORE.MEM_CONSUMPTION (ID, ROM, RAM, COMPONENT_ID, BUILD_ID)
        values (19, 45, 55, 19, 87);
insert into S40CICORE.MEM_CONSUMPTION (ID, ROM, RAM, COMPONENT_ID, BUILD_ID)
        values (20, 120, 20.8, 20, 87);
insert into S40CICORE.MEM_CONSUMPTION (ID, ROM, RAM, COMPONENT_ID, BUILD_ID)
        values (21, 11.2, 12.5, 21, 87);
insert into S40CICORE.MEM_CONSUMPTION (ID, ROM, RAM, COMPONENT_ID, BUILD_ID)
        values (22, 33, 78, 22, 87);
insert into S40CICORE.MEM_CONSUMPTION (ID, ROM, RAM, COMPONENT_ID, BUILD_ID)
        values (23, 111, 222, 23, 87);
insert into S40CICORE.MEM_CONSUMPTION (ID, ROM, RAM, COMPONENT_ID, BUILD_ID)
        values (24, 45, 55, 24, 87);
insert into S40CICORE.MEM_CONSUMPTION (ID, ROM, RAM, COMPONENT_ID, BUILD_ID)
        values (25, 120, 20, 25, 87);
insert into S40CICORE.MEM_CONSUMPTION (ID, ROM, RAM, COMPONENT_ID, BUILD_ID)
        values (26, 11.2, 12.5, 26, 87);
insert into S40CICORE.MEM_CONSUMPTION (ID, ROM, RAM, COMPONENT_ID, BUILD_ID)
        values (27, 33, 7, 27, 87);
insert into S40CICORE.MEM_CONSUMPTION (ID, ROM, RAM, COMPONENT_ID, BUILD_ID)
        values (28, 111, 222, 28, 87);
insert into S40CICORE.MEM_CONSUMPTION (ID, ROM, RAM, COMPONENT_ID, BUILD_ID)
        values (29, 45, 55, 29, 87);
insert into S40CICORE.MEM_CONSUMPTION (ID, ROM, RAM, COMPONENT_ID, BUILD_ID)
        values (30, 120, 20, 30, 87);
insert into S40CICORE.MEM_CONSUMPTION (ID, ROM, RAM, COMPONENT_ID, BUILD_ID)
        values (31, 11.2, 12.5, 31, 87);
insert into S40CICORE.MEM_CONSUMPTION (ID, ROM, RAM, COMPONENT_ID, BUILD_ID)
        values (32, 33, 78, 32, 87);
insert into S40CICORE.MEM_CONSUMPTION (ID, ROM, RAM, COMPONENT_ID, BUILD_ID)
        values (33, 111, 222, 33, 87);
insert into S40CICORE.MEM_CONSUMPTION (ID, ROM, RAM, COMPONENT_ID, BUILD_ID)
        values (34, 45, 55, 34, 87);
insert into S40CICORE.MEM_CONSUMPTION (ID, ROM, RAM, COMPONENT_ID, BUILD_ID)
        values (35, 120, 20, 35, 87);
insert into S40CICORE.MEM_CONSUMPTION (ID, ROM, RAM, COMPONENT_ID, BUILD_ID)
        values (36, 11.2, 12.5, 36, 87);
insert into S40CICORE.MEM_CONSUMPTION (ID, ROM, RAM, COMPONENT_ID, BUILD_ID)
        values (37, 33, 78, 37, 87);
insert into S40CICORE.MEM_CONSUMPTION (ID, ROM, RAM, COMPONENT_ID, BUILD_ID)
        values (38, 111, 222, 38, 87);
insert into S40CICORE.MEM_CONSUMPTION (ID, ROM, RAM, COMPONENT_ID, BUILD_ID)
        values (39, 45, 55, 39, 87);
insert into S40CICORE.MEM_CONSUMPTION (ID, ROM, RAM, COMPONENT_ID, BUILD_ID)
        values (40, 120, 20.8, 40, 87);

insert into S40CICORE.MEM_CONSUMPTION (ID, ROM, RAM, COMPONENT_ID, BUILD_ID)
        values (41, 30.6, 72.8, 1, 24);

insert into S40CICORE.MEM_CONSUMPTION (ID, ROM, RAM, COMPONENT_ID, BUILD_ID)
        values (42, 16.7, 52.8, 1, 9);

--- Add test case stats
insert into S40CICORE.TEST_CASE_STAT (ID, PASSEDCOUNT, TOTALCOUNT, COMPONENT_ID, BUILD_ID)
        values (1, 65, 100, 1, 87);
insert into S40CICORE.TEST_CASE_STAT (ID, PASSEDCOUNT, TOTALCOUNT, COMPONENT_ID, BUILD_ID)
        values (2, 20, 30, 2, 87);
insert into S40CICORE.TEST_CASE_STAT (ID, PASSEDCOUNT, TOTALCOUNT, COMPONENT_ID, BUILD_ID)
        values (3, 50, 60, 3, 87);
insert into S40CICORE.TEST_CASE_STAT (ID, PASSEDCOUNT, TOTALCOUNT, COMPONENT_ID, BUILD_ID)
        values (4, 65, 100, 4, 87);
insert into S40CICORE.TEST_CASE_STAT (ID, PASSEDCOUNT, TOTALCOUNT, COMPONENT_ID, BUILD_ID)
        values (5, 90, 100, 5, 87);
insert into S40CICORE.TEST_CASE_STAT (ID, PASSEDCOUNT, TOTALCOUNT, COMPONENT_ID, BUILD_ID)
        values (6, 35, 55, 6, 87);
insert into S40CICORE.TEST_CASE_STAT (ID, PASSEDCOUNT, TOTALCOUNT, COMPONENT_ID, BUILD_ID)
        values (7, 25, 50, 7, 87);
insert into S40CICORE.TEST_CASE_STAT (ID, PASSEDCOUNT, TOTALCOUNT, COMPONENT_ID, BUILD_ID)
        values (8, 165, 200, 8, 87);
insert into S40CICORE.TEST_CASE_STAT (ID, PASSEDCOUNT, TOTALCOUNT, COMPONENT_ID, BUILD_ID)
        values (9, 100, 120, 9, 87);
insert into S40CICORE.TEST_CASE_STAT (ID, PASSEDCOUNT, TOTALCOUNT, COMPONENT_ID, BUILD_ID)
        values (10, 65, 65, 10, 87);
insert into S40CICORE.TEST_CASE_STAT (ID, PASSEDCOUNT, TOTALCOUNT, COMPONENT_ID, BUILD_ID)
        values (11, 80, 90, 11, 87);
insert into S40CICORE.TEST_CASE_STAT (ID, PASSEDCOUNT, TOTALCOUNT, COMPONENT_ID, BUILD_ID)
        values (12, 36, 36, 12, 87);
insert into S40CICORE.TEST_CASE_STAT (ID, PASSEDCOUNT, TOTALCOUNT, COMPONENT_ID, BUILD_ID)
        values (13, 65, 100, 13, 87);
insert into S40CICORE.TEST_CASE_STAT (ID, PASSEDCOUNT, TOTALCOUNT, COMPONENT_ID, BUILD_ID)
        values (14, 55, 55, 14, 87);
insert into S40CICORE.TEST_CASE_STAT (ID, PASSEDCOUNT, TOTALCOUNT, COMPONENT_ID, BUILD_ID)
        values (15, 65, 100, 15, 87);
insert into S40CICORE.TEST_CASE_STAT (ID, PASSEDCOUNT, TOTALCOUNT, COMPONENT_ID, BUILD_ID)
        values (16, 25, 80, 16, 87);
insert into S40CICORE.TEST_CASE_STAT (ID, PASSEDCOUNT, TOTALCOUNT, COMPONENT_ID, BUILD_ID)
        values (17, 65, 100, 17, 87);
insert into S40CICORE.TEST_CASE_STAT (ID, PASSEDCOUNT, TOTALCOUNT, COMPONENT_ID, BUILD_ID)
        values (18, 66, 66, 18, 87);
insert into S40CICORE.TEST_CASE_STAT (ID, PASSEDCOUNT, TOTALCOUNT, COMPONENT_ID, BUILD_ID)
        values (19, 65, 100, 19, 87);
insert into S40CICORE.TEST_CASE_STAT (ID, PASSEDCOUNT, TOTALCOUNT, COMPONENT_ID, BUILD_ID)
        values (20, 65, 100, 20, 87);
insert into S40CICORE.TEST_CASE_STAT (ID, PASSEDCOUNT, TOTALCOUNT, COMPONENT_ID, BUILD_ID)
        values (21, 65, 100, 21, 87);
insert into S40CICORE.TEST_CASE_STAT (ID, PASSEDCOUNT, TOTALCOUNT, COMPONENT_ID, BUILD_ID)
        values (22, 20, 30, 22, 87);
insert into S40CICORE.TEST_CASE_STAT (ID, PASSEDCOUNT, TOTALCOUNT, COMPONENT_ID, BUILD_ID)
        values (23, 50, 60, 23, 87);
insert into S40CICORE.TEST_CASE_STAT (ID, PASSEDCOUNT, TOTALCOUNT, COMPONENT_ID, BUILD_ID)
        values (24, 65, 100, 24, 87);
insert into S40CICORE.TEST_CASE_STAT (ID, PASSEDCOUNT, TOTALCOUNT, COMPONENT_ID, BUILD_ID)
        values (25, 90, 100, 25, 87);
insert into S40CICORE.TEST_CASE_STAT (ID, PASSEDCOUNT, TOTALCOUNT, COMPONENT_ID, BUILD_ID)
        values (26, 35, 55, 26, 87);
insert into S40CICORE.TEST_CASE_STAT (ID, PASSEDCOUNT, TOTALCOUNT, COMPONENT_ID, BUILD_ID)
        values (27, 25, 50, 27, 87);
insert into S40CICORE.TEST_CASE_STAT (ID, PASSEDCOUNT, TOTALCOUNT, COMPONENT_ID, BUILD_ID)
        values (28, 165, 200, 28, 87);
insert into S40CICORE.TEST_CASE_STAT (ID, PASSEDCOUNT, TOTALCOUNT, COMPONENT_ID, BUILD_ID)
        values (29, 100, 120, 29, 87);
insert into S40CICORE.TEST_CASE_STAT (ID, PASSEDCOUNT, TOTALCOUNT, COMPONENT_ID, BUILD_ID)
        values (30, 65, 65, 30, 87);
insert into S40CICORE.TEST_CASE_STAT (ID, PASSEDCOUNT, TOTALCOUNT, COMPONENT_ID, BUILD_ID)
        values (31, 80, 90, 31, 87);
insert into S40CICORE.TEST_CASE_STAT (ID, PASSEDCOUNT, TOTALCOUNT, COMPONENT_ID, BUILD_ID)
        values (32, 36, 36, 32, 87);
insert into S40CICORE.TEST_CASE_STAT (ID, PASSEDCOUNT, TOTALCOUNT, COMPONENT_ID, BUILD_ID)
        values (33, 65, 100, 33, 87);
insert into S40CICORE.TEST_CASE_STAT (ID, PASSEDCOUNT, TOTALCOUNT, COMPONENT_ID, BUILD_ID)
        values (34, 55, 55, 34, 87);
insert into S40CICORE.TEST_CASE_STAT (ID, PASSEDCOUNT, TOTALCOUNT, COMPONENT_ID, BUILD_ID)
        values (35, 65, 100, 35, 87);
insert into S40CICORE.TEST_CASE_STAT (ID, PASSEDCOUNT, TOTALCOUNT, COMPONENT_ID, BUILD_ID)
        values (36, 25, 80, 36, 87);
insert into S40CICORE.TEST_CASE_STAT (ID, PASSEDCOUNT, TOTALCOUNT, COMPONENT_ID, BUILD_ID)
        values (37, 65, 100, 37, 87);
insert into S40CICORE.TEST_CASE_STAT (ID, PASSEDCOUNT, TOTALCOUNT, COMPONENT_ID, BUILD_ID)
        values (38, 66, 66, 38, 87);
insert into S40CICORE.TEST_CASE_STAT (ID, PASSEDCOUNT, TOTALCOUNT, COMPONENT_ID, BUILD_ID)
        values (39, 65, 100, 39, 87);
insert into S40CICORE.TEST_CASE_STAT (ID, PASSEDCOUNT, TOTALCOUNT, COMPONENT_ID, BUILD_ID)
        values (40, 65, 100, 40, 87);

insert into S40CICORE.TEST_CASE_STAT (ID, PASSEDCOUNT, TOTALCOUNT, COMPONENT_ID, BUILD_ID)
        values (41, 120, 120, 1, 24);

insert into S40CICORE.TEST_CASE_STAT (ID, PASSEDCOUNT, TOTALCOUNT, COMPONENT_ID, BUILD_ID)
        values (42, 32, 85, 1, 9);

insert into S40CICORE.TEST_CASE_STAT (ID, PASSEDCOUNT, FAILEDCOUNT, NACOUNT, TOTALCOUNT, COMPONENT_ID, BUILD_ID)
        values (43, 96, 17, 5, 120, 41, 101);
insert into S40CICORE.TEST_CASE_STAT (ID, PASSEDCOUNT, FAILEDCOUNT, NACOUNT, TOTALCOUNT, COMPONENT_ID, BUILD_ID)
        values (44, 111, 2, 7, 120, 41, 102);
insert into S40CICORE.TEST_CASE_STAT (ID, PASSEDCOUNT, FAILEDCOUNT, NACOUNT, TOTALCOUNT, COMPONENT_ID, BUILD_ID)
        values (45, 111, 2, 7, 120, 41, 103);
insert into S40CICORE.TEST_CASE_STAT (ID, PASSEDCOUNT, FAILEDCOUNT, NACOUNT, TOTALCOUNT, COMPONENT_ID, BUILD_ID)
        values (46, 110, 3, 7, 120, 41, 104);
insert into S40CICORE.TEST_CASE_STAT (ID, PASSEDCOUNT, FAILEDCOUNT, NACOUNT, TOTALCOUNT, COMPONENT_ID, BUILD_ID)
        values (47, 112, 1, 7, 120, 41, 105);

--- Add test coverages
insert into S40CICORE.TEST_COVERAGE (ID, STMTCOV, CONDCOV, COMPONENT_ID, BUILD_ID)
        values (1, 0.2, 0.3, 1, 87);
insert into S40CICORE.TEST_COVERAGE (ID, STMTCOV, CONDCOV, COMPONENT_ID, BUILD_ID)
        values (2, 0.3, 0.7, 2, 87);
insert into S40CICORE.TEST_COVERAGE (ID, STMTCOV, CONDCOV, COMPONENT_ID, BUILD_ID)
        values (3, 0.1, 0.5, 3, 87);
insert into S40CICORE.TEST_COVERAGE (ID, STMTCOV, CONDCOV, COMPONENT_ID, BUILD_ID)
        values (4, 0.2, 0.3, 4, 87);
insert into S40CICORE.TEST_COVERAGE (ID, STMTCOV, CONDCOV, COMPONENT_ID, BUILD_ID)
        values (5, 0.9, 0.8, 5, 87);
insert into S40CICORE.TEST_COVERAGE (ID, STMTCOV, CONDCOV, COMPONENT_ID, BUILD_ID)
        values (6, 0.2, 0.3, 6, 87);
insert into S40CICORE.TEST_COVERAGE (ID, STMTCOV, CONDCOV, COMPONENT_ID, BUILD_ID)
        values (7, 0.2, 0.3, 7, 87);
insert into S40CICORE.TEST_COVERAGE (ID, STMTCOV, CONDCOV, COMPONENT_ID, BUILD_ID)
        values (8, 0.1, 0.2, 8, 87);
insert into S40CICORE.TEST_COVERAGE (ID, STMTCOV, CONDCOV, COMPONENT_ID, BUILD_ID)
        values (9, 0.2, 0.3, 9, 87);
insert into S40CICORE.TEST_COVERAGE (ID, STMTCOV, CONDCOV, COMPONENT_ID, BUILD_ID)
        values (10, 0.2, 0.3, 10, 87);
insert into S40CICORE.TEST_COVERAGE (ID, STMTCOV, CONDCOV, COMPONENT_ID, BUILD_ID)
        values (11, 0.8, 0.7, 11, 87);
insert into S40CICORE.TEST_COVERAGE (ID, STMTCOV, CONDCOV, COMPONENT_ID, BUILD_ID)
        values (12, 0.2, 0.3, 12, 87);
insert into S40CICORE.TEST_COVERAGE (ID, STMTCOV, CONDCOV, COMPONENT_ID, BUILD_ID)
        values (13, 0.2, 0.3, 13, 87);
insert into S40CICORE.TEST_COVERAGE (ID, STMTCOV, CONDCOV, COMPONENT_ID, BUILD_ID)
        values (14, 0.2, 0.3, 14, 87);
insert into S40CICORE.TEST_COVERAGE (ID, STMTCOV, CONDCOV, COMPONENT_ID, BUILD_ID)
        values (15, 0.2, 0.3, 15, 87);
insert into S40CICORE.TEST_COVERAGE (ID, STMTCOV, CONDCOV, COMPONENT_ID, BUILD_ID)
        values (16, 0.6, 0.8, 16, 87);
insert into S40CICORE.TEST_COVERAGE (ID, STMTCOV, CONDCOV, COMPONENT_ID, BUILD_ID)
        values (17, 0.2, 0.3, 17, 87);
insert into S40CICORE.TEST_COVERAGE (ID, STMTCOV, CONDCOV, COMPONENT_ID, BUILD_ID)
        values (18, 0.1, 0.7, 18, 87);
insert into S40CICORE.TEST_COVERAGE (ID, STMTCOV, CONDCOV, COMPONENT_ID, BUILD_ID)
        values (19, 0.2, 0.4, 19, 87);
insert into S40CICORE.TEST_COVERAGE (ID, STMTCOV, CONDCOV, COMPONENT_ID, BUILD_ID)
        values (20, 0.2, 0.3, 20, 87);
insert into S40CICORE.TEST_COVERAGE (ID, STMTCOV, CONDCOV, COMPONENT_ID, BUILD_ID)
        values (21, 0.2, 0.3, 21, 87);
insert into S40CICORE.TEST_COVERAGE (ID, STMTCOV, CONDCOV, COMPONENT_ID, BUILD_ID)
        values (22, 0.3, 0.7, 22, 87);
insert into S40CICORE.TEST_COVERAGE (ID, STMTCOV, CONDCOV, COMPONENT_ID, BUILD_ID)
        values (23, 0.1, 0.5, 23, 87);
insert into S40CICORE.TEST_COVERAGE (ID, STMTCOV, CONDCOV, COMPONENT_ID, BUILD_ID)
        values (24, 0.2, 0.3, 24, 87);
insert into S40CICORE.TEST_COVERAGE (ID, STMTCOV, CONDCOV, COMPONENT_ID, BUILD_ID)
        values (25, 0.9, 0.8, 25, 87);
insert into S40CICORE.TEST_COVERAGE (ID, STMTCOV, CONDCOV, COMPONENT_ID, BUILD_ID)
        values (26, 0.2, 0.3, 26, 87);
insert into S40CICORE.TEST_COVERAGE (ID, STMTCOV, CONDCOV, COMPONENT_ID, BUILD_ID)
        values (27, 0.2, 0.3, 27, 87);
insert into S40CICORE.TEST_COVERAGE (ID, STMTCOV, CONDCOV, COMPONENT_ID, BUILD_ID)
        values (28, 0.1, 0.2, 28, 87);
insert into S40CICORE.TEST_COVERAGE (ID, STMTCOV, CONDCOV, COMPONENT_ID, BUILD_ID)
        values (29, 0.2, 0.3, 29, 87);
insert into S40CICORE.TEST_COVERAGE (ID, STMTCOV, CONDCOV, COMPONENT_ID, BUILD_ID)
        values (30, 0.2, 0.3, 30, 87);
insert into S40CICORE.TEST_COVERAGE (ID, STMTCOV, CONDCOV, COMPONENT_ID, BUILD_ID)
        values (31, 0.8, 0.7, 31, 87);
insert into S40CICORE.TEST_COVERAGE (ID, STMTCOV, CONDCOV, COMPONENT_ID, BUILD_ID)
        values (32, 0.2, 0.3, 32, 87);
insert into S40CICORE.TEST_COVERAGE (ID, STMTCOV, CONDCOV, COMPONENT_ID, BUILD_ID)
        values (33, 0.2, 0.3, 33, 87);
insert into S40CICORE.TEST_COVERAGE (ID, STMTCOV, CONDCOV, COMPONENT_ID, BUILD_ID)
        values (34, 0.2, 0.3, 34, 87);
insert into S40CICORE.TEST_COVERAGE (ID, STMTCOV, CONDCOV, COMPONENT_ID, BUILD_ID)
        values (35, 0.2, 0.3, 35, 87);
insert into S40CICORE.TEST_COVERAGE (ID, STMTCOV, CONDCOV, COMPONENT_ID, BUILD_ID)
        values (36, 0.6, 0.8, 36, 87);
insert into S40CICORE.TEST_COVERAGE (ID, STMTCOV, CONDCOV, COMPONENT_ID, BUILD_ID)
        values (37, 0.2, 0.3, 37, 87);
insert into S40CICORE.TEST_COVERAGE (ID, STMTCOV, CONDCOV, COMPONENT_ID, BUILD_ID)
        values (38, 0.1, 0.7, 38, 87);
insert into S40CICORE.TEST_COVERAGE (ID, STMTCOV, CONDCOV, COMPONENT_ID, BUILD_ID)
        values (39, 0.2, 0.4, 39, 87);
insert into S40CICORE.TEST_COVERAGE (ID, STMTCOV, CONDCOV, COMPONENT_ID, BUILD_ID)
        values (40, 0.2, 0.3, 40, 87);

insert into S40CICORE.TEST_COVERAGE (ID, STMTCOV, CONDCOV, COMPONENT_ID, BUILD_ID)
        values (41, 0.32, 0.55, 1, 24);

insert into S40CICORE.TEST_COVERAGE (ID, STMTCOV, CONDCOV, COMPONENT_ID, BUILD_ID)
        values (42, 0.6, 0.9, 1, 9);

-- PRODUCTS --
insert into S40CICORE.PRODUCT (ID, CREATED, MODIFIED, "NAME", DISPLAYNAME, RMCODE, UUID) values (1, CURRENT_TIMESTAMP, CURRENT_TIMESTAMP, 'product_1', 'Product 1', 'rm-01', 'product_1_uuid');
insert into S40CICORE.PRODUCT (ID, CREATED, MODIFIED, "NAME", DISPLAYNAME, RMCODE, UUID) values (2, CURRENT_TIMESTAMP, CURRENT_TIMESTAMP, 'product_2', 'Product 2', 'rm-02', 'product_2_uuid');
insert into S40CICORE.PRODUCT (ID, CREATED, MODIFIED, "NAME", DISPLAYNAME, RMCODE, UUID) values (3, CURRENT_TIMESTAMP, CURRENT_TIMESTAMP, 'product_3', 'Product 3', 'rm-03', 'product_3_uuid');
insert into S40CICORE.PRODUCT (ID, CREATED, MODIFIED, "NAME", DISPLAYNAME, RMCODE, UUID) values (4, CURRENT_TIMESTAMP, CURRENT_TIMESTAMP, 'product_4', 'Product 4', 'rm-04', 'product_4_uuid');
insert into S40CICORE.PRODUCT (ID, CREATED, MODIFIED, "NAME", DISPLAYNAME, RMCODE, UUID) values (5, CURRENT_TIMESTAMP, CURRENT_TIMESTAMP, 'product_5', 'Product 5', 'rm-05', 'product_5_uuid');

-- VERIFICATIONS --
insert into S40CICORE.VERIFICATION (ID, CREATED, MODIFIED, "NAME", DISPLAYNAME, PARENTSTATUSTHRESHOLD, TYPE, TARGETPLATFORM, DESCRIPTION) values (1, CURRENT_TIMESTAMP, CURRENT_TIMESTAMP, 'cppunit', 'CPPUnit', 'NOT_BUILT', 'NORMAL', 'LINUX', 'This is CPP UNIT!');
insert into S40CICORE.VERIFICATION (ID, CREATED, MODIFIED, "NAME", DISPLAYNAME, PARENTSTATUSTHRESHOLD, TYPE, TARGETPLATFORM) values (2, CURRENT_TIMESTAMP, CURRENT_TIMESTAMP, 'eno', 'Eno', 'NOT_BUILT', 'NORMAL', 'LINUX');
insert into S40CICORE.VERIFICATION (ID, CREATED, MODIFIED, "NAME", DISPLAYNAME, PARENTSTATUSTHRESHOLD, TYPE, TARGETPLATFORM) values (3, CURRENT_TIMESTAMP, CURRENT_TIMESTAMP, 'isa_ttcn', 'ISA TTCN', 'NOT_BUILT', 'NORMAL', 'LINUX');
insert into S40CICORE.VERIFICATION (ID, CREATED, MODIFIED, "NAME", DISPLAYNAME, PARENTSTATUSTHRESHOLD, TYPE, TARGETPLATFORM) values (4, CURRENT_TIMESTAMP, CURRENT_TIMESTAMP, 'nose', 'Nose', 'NOT_BUILT', 'NORMAL', 'LINUX');
insert into S40CICORE.VERIFICATION (ID, CREATED, MODIFIED, "NAME", DISPLAYNAME, PARENTSTATUSTHRESHOLD, TYPE, TARGETPLATFORM, UUID) values (5, CURRENT_TIMESTAMP, CURRENT_TIMESTAMP, 'target', 'Target', 'NOT_BUILT', 'NORMAL', 'LINUX', 'verification_5_uuid');
insert into S40CICORE.VERIFICATION (ID, CREATED, MODIFIED, "NAME", DISPLAYNAME, PARENTSTATUSTHRESHOLD, TYPE, TARGETPLATFORM) values (6, CURRENT_TIMESTAMP, CURRENT_TIMESTAMP, 'target_with_ui', 'Target With UI', 'NOT_BUILT', 'NORMAL', 'LINUX');
insert into S40CICORE.VERIFICATION (ID, CREATED, MODIFIED, "NAME", DISPLAYNAME, PARENTSTATUSTHRESHOLD, TYPE, TARGETPLATFORM) values (7, CURRENT_TIMESTAMP, CURRENT_TIMESTAMP, 'target_with_ui_image', 'Target With UI Image', 'NOT_BUILT', 'NORMAL', 'LINUX');
insert into S40CICORE.VERIFICATION (ID, CREATED, MODIFIED, "NAME", DISPLAYNAME, PARENTSTATUSTHRESHOLD, TYPE, TARGETPLATFORM) values (8, CURRENT_TIMESTAMP, CURRENT_TIMESTAMP, 'win_nose', 'WIN Nose', 'NOT_BUILT', 'NORMAL', 'WINDOWS');
insert into S40CICORE.VERIFICATION (ID, CREATED, MODIFIED, "NAME", DISPLAYNAME, PARENTSTATUSTHRESHOLD, TYPE, TARGETPLATFORM) values (9, CURRENT_TIMESTAMP, CURRENT_TIMESTAMP, 'win_nose_no_ui', 'WIN Nose No UI', 'NOT_BUILT', 'NORMAL', 'WINDOWS');
insert into S40CICORE.VERIFICATION (ID, CREATED, MODIFIED, "NAME", DISPLAYNAME, PARENTSTATUSTHRESHOLD, TYPE) values (10, CURRENT_TIMESTAMP, CURRENT_TIMESTAMP, 'pre_commit_verification', 'Commit check', 'NOT_BUILT', 'PRE_BUILD');
insert into S40CICORE.VERIFICATION (ID, CREATED, MODIFIED, "NAME", DISPLAYNAME, PARENTSTATUSTHRESHOLD, TYPE) values (11, CURRENT_TIMESTAMP, CURRENT_TIMESTAMP, 'post_commit_verification', 'Image check', 'NOT_BUILT', 'POST_BUILD');
insert into S40CICORE.VERIFICATION (ID, CREATED, MODIFIED, "NAME", DISPLAYNAME, PARENTSTATUSTHRESHOLD, TYPE, TARGETPLATFORM) values (12, CURRENT_TIMESTAMP, CURRENT_TIMESTAMP, 'granite', 'Granite', 'NOT_BUILT', 'NORMAL', 'INDEVICE');

-- VERIFICATION TEST RESULT TYPES --
insert into S40CICORE.VERIFICATION_TEST_RESULT_TYPES (VERIFICATION_ID, TESTRESULTTYPES) values (1, 'NJUNIT');
insert into S40CICORE.VERIFICATION_TEST_RESULT_TYPES (VERIFICATION_ID, TESTRESULTTYPES) values (2, 'MEM_CONSUMPTION');
insert into S40CICORE.VERIFICATION_TEST_RESULT_TYPES (VERIFICATION_ID, TESTRESULTTYPES) values (2, 'WARNING');
insert into S40CICORE.VERIFICATION_TEST_RESULT_TYPES (VERIFICATION_ID, TESTRESULTTYPES) values (3, 'NJUNIT');
insert into S40CICORE.VERIFICATION_TEST_RESULT_TYPES (VERIFICATION_ID, TESTRESULTTYPES) values (5, 'MEM_CONSUMPTION');
insert into S40CICORE.VERIFICATION_TEST_RESULT_TYPES (VERIFICATION_ID, TESTRESULTTYPES) values (5, 'WARNING');
insert into S40CICORE.VERIFICATION_TEST_RESULT_TYPES (VERIFICATION_ID, TESTRESULTTYPES) values (5, 'NJUNIT');
insert into S40CICORE.VERIFICATION_TEST_RESULT_TYPES (VERIFICATION_ID, TESTRESULTTYPES) values (6, 'MEM_CONSUMPTION');
insert into S40CICORE.VERIFICATION_TEST_RESULT_TYPES (VERIFICATION_ID, TESTRESULTTYPES) values (6, 'WARNING');
insert into S40CICORE.VERIFICATION_TEST_RESULT_TYPES (VERIFICATION_ID, TESTRESULTTYPES) values (7, 'MEM_CONSUMPTION');
insert into S40CICORE.VERIFICATION_TEST_RESULT_TYPES (VERIFICATION_ID, TESTRESULTTYPES) values (7, 'WARNING');

-- BVC TEST RESULT TYPES --
insert into S40CICORE.BVC_TEST_RESULT_TYPES (BVC_ID, TESTRESULTTYPES) values (78, 'NJUNIT');
insert into S40CICORE.BVC_TEST_RESULT_TYPES (BVC_ID, TESTRESULTTYPES) values (79, 'NJUNIT');

-- VERIFICATION FAILURE REASONS --
insert into S40CICORE.VERIFICATION_FAILURE_REASON (ID, CREATED, MODIFIED, VERIFICATION_ID, "NAME", DESCRIPTION, SEVERITY) values (1, CURRENT_TIMESTAMP, CURRENT_TIMESTAMP, 5, 'Blocking reason', 'This should block', 'BLOCKING');
insert into S40CICORE.VERIFICATION_FAILURE_REASON (ID, CREATED, MODIFIED, VERIFICATION_ID, "NAME", DESCRIPTION, SEVERITY) values (2, CURRENT_TIMESTAMP, CURRENT_TIMESTAMP, 5, 'Non-blocking reason', 'This should not block', 'NON_BLOCKING');
insert into S40CICORE.VERIFICATION_FAILURE_REASON (ID, CREATED, MODIFIED, VERIFICATION_ID, "NAME", DESCRIPTION, SEVERITY) values (3, CURRENT_TIMESTAMP, CURRENT_TIMESTAMP, 12, 'Blocking reason', 'This should block', 'BLOCKING');
insert into S40CICORE.VERIFICATION_FAILURE_REASON (ID, CREATED, MODIFIED, VERIFICATION_ID, "NAME", DESCRIPTION, SEVERITY) values (4, CURRENT_TIMESTAMP, CURRENT_TIMESTAMP, 12, 'Non-blocking reason', 'This should not block', 'NON_BLOCKING');

-- JOB_CUSTOM_VERIFICATIONS --
insert into S40CICORE.JOB_CUSTOM_VERIFICATION (ID, CREATED, DESCRIPTION, JOB_ID, VERIFICATION_ID) values (1, CURRENT_TIMESTAMP, 'Job custom verification 1', 7, 1);
insert into S40CICORE.JOB_CUSTOM_VERIFICATION (ID, CREATED, DESCRIPTION, JOB_ID, VERIFICATION_ID) values (2, CURRENT_TIMESTAMP, 'Job custom verification 2', 7, 2);
insert into S40CICORE.JOB_CUSTOM_VERIFICATION (ID, CREATED, DESCRIPTION, JOB_ID, VERIFICATION_ID) values (3, CURRENT_TIMESTAMP, 'Job custom verification 3', 7, 2);

-- JOB_CUSTOM_VERIFICATION_CONFS --
insert into S40CICORE.JOB_VERIFICATION_CONF (ID, CREATED, JOB_ID, PRODUCT_ID, VERIFICATION_ID, CARDINALITY) values (1, CURRENT_TIMESTAMP, 7, 1, 1, 'OPTIONAL');
insert into S40CICORE.JOB_VERIFICATION_CONF (ID, CREATED, JOB_ID, PRODUCT_ID, VERIFICATION_ID, CARDINALITY) values (2, CURRENT_TIMESTAMP, 7, 3, 2, 'OPTIONAL');
insert into S40CICORE.JOB_VERIFICATION_CONF (ID, CREATED, JOB_ID, PRODUCT_ID, VERIFICATION_ID, CARDINALITY) values (3, CURRENT_TIMESTAMP, 7, 2, 2, 'MANDATORY');
insert into S40CICORE.JOB_VERIFICATION_CONF (ID, CREATED, JOB_ID, PRODUCT_ID, VERIFICATION_ID, CARDINALITY) values (4, CURRENT_TIMESTAMP, 7, 1, 3, 'OPTIONAL');
insert into S40CICORE.JOB_VERIFICATION_CONF (ID, CREATED, JOB_ID, PRODUCT_ID, VERIFICATION_ID, CARDINALITY) values (5, CURRENT_TIMESTAMP, 7, 2, 3, 'MANDATORY');
insert into S40CICORE.JOB_VERIFICATION_CONF (ID, CREATED, JOB_ID, PRODUCT_ID, VERIFICATION_ID, CARDINALITY) values (6, CURRENT_TIMESTAMP, 7, 3, 3, 'MANDATORY');
insert into S40CICORE.JOB_VERIFICATION_CONF (ID, CREATED, JOB_ID, PRODUCT_ID, VERIFICATION_ID, CARDINALITY) values (7, CURRENT_TIMESTAMP, 7, 2, 3, 'MANDATORY');
insert into S40CICORE.JOB_VERIFICATION_CONF (ID, CREATED, JOB_ID, PRODUCT_ID, VERIFICATION_ID, CARDINALITY) values (8, CURRENT_TIMESTAMP, 11, 1, 1, 'OPTIONAL');

-- CUSTOM PARAMETERS --
insert into S40CICORE.CUSTOM_PARAM (ID, CREATED, MODIFIED, DISPLAYNAME, PARAMKEY, VERIFICATION_ID) values (1, CURRENT_TIMESTAMP, CURRENT_TIMESTAMP, 'CUSTOM 1', 'CUSTOM_1', 1);
insert into S40CICORE.CUSTOM_PARAM (ID, CREATED, MODIFIED, DISPLAYNAME, PARAMKEY, VERIFICATION_ID) values (2, CURRENT_TIMESTAMP, CURRENT_TIMESTAMP, 'CUSTOM 2', 'CUSTOM_2', 1);
insert into S40CICORE.CUSTOM_PARAM (ID, CREATED, MODIFIED, DISPLAYNAME, PARAMKEY, VERIFICATION_ID) values (3, CURRENT_TIMESTAMP, CURRENT_TIMESTAMP, 'CUSTOM 1', 'CUSTOM_1', 2);
insert into S40CICORE.CUSTOM_PARAM (ID, CREATED, MODIFIED, DISPLAYNAME, PARAMKEY, VERIFICATION_ID) values (4, CURRENT_TIMESTAMP, CURRENT_TIMESTAMP, 'CUSTOM 2', 'CUSTOM_2', 2);
insert into S40CICORE.CUSTOM_PARAM (ID, CREATED, MODIFIED, DISPLAYNAME, PARAMKEY, VERIFICATION_ID) values (5, CURRENT_TIMESTAMP, CURRENT_TIMESTAMP, 'CUSTOM 1', 'CUSTOM_1', 3);
insert into S40CICORE.CUSTOM_PARAM (ID, CREATED, MODIFIED, DISPLAYNAME, PARAMKEY, VERIFICATION_ID) values (6, CURRENT_TIMESTAMP, CURRENT_TIMESTAMP, 'CUSTOM 2', 'CUSTOM_2', 3);
insert into S40CICORE.CUSTOM_PARAM (ID, CREATED, MODIFIED, DISPLAYNAME, PARAMKEY, VERIFICATION_ID) values (7, CURRENT_TIMESTAMP, CURRENT_TIMESTAMP, 'CUSTOM 1', 'CUSTOM_1', 4);
insert into S40CICORE.CUSTOM_PARAM (ID, CREATED, MODIFIED, DISPLAYNAME, PARAMKEY, VERIFICATION_ID) values (8, CURRENT_TIMESTAMP, CURRENT_TIMESTAMP, 'CUSTOM 2', 'CUSTOM_2', 4);

-- CUSTOM PARAMETER VALUES --
insert into S40CICORE.CUSTOM_PARAM_VALUE (ID, CREATED, MODIFIED, PARAMVALUE, CUSTOMPARAM_ID) values (1, CURRENT_TIMESTAMP, CURRENT_TIMESTAMP, '1', 1);
insert into S40CICORE.CUSTOM_PARAM_VALUE (ID, CREATED, MODIFIED, PARAMVALUE, CUSTOMPARAM_ID) values (2, CURRENT_TIMESTAMP, CURRENT_TIMESTAMP, '2', 1);
insert into S40CICORE.CUSTOM_PARAM_VALUE (ID, CREATED, MODIFIED, PARAMVALUE, CUSTOMPARAM_ID) values (3, CURRENT_TIMESTAMP, CURRENT_TIMESTAMP, '1', 2);
insert into S40CICORE.CUSTOM_PARAM_VALUE (ID, CREATED, MODIFIED, PARAMVALUE, CUSTOMPARAM_ID) values (4, CURRENT_TIMESTAMP, CURRENT_TIMESTAMP, '2', 2);
insert into S40CICORE.CUSTOM_PARAM_VALUE (ID, CREATED, MODIFIED, PARAMVALUE, CUSTOMPARAM_ID) values (5, CURRENT_TIMESTAMP, CURRENT_TIMESTAMP, '1', 3);
insert into S40CICORE.CUSTOM_PARAM_VALUE (ID, CREATED, MODIFIED, PARAMVALUE, CUSTOMPARAM_ID) values (6, CURRENT_TIMESTAMP, CURRENT_TIMESTAMP, '2', 3);
insert into S40CICORE.CUSTOM_PARAM_VALUE (ID, CREATED, MODIFIED, PARAMVALUE, CUSTOMPARAM_ID) values (7, CURRENT_TIMESTAMP, CURRENT_TIMESTAMP, '1', 4);
insert into S40CICORE.CUSTOM_PARAM_VALUE (ID, CREATED, MODIFIED, PARAMVALUE, CUSTOMPARAM_ID) values (8, CURRENT_TIMESTAMP, CURRENT_TIMESTAMP, '2', 4);
insert into S40CICORE.CUSTOM_PARAM_VALUE (ID, CREATED, MODIFIED, PARAMVALUE, CUSTOMPARAM_ID) values (9, CURRENT_TIMESTAMP, CURRENT_TIMESTAMP, '1', 5);
insert into S40CICORE.CUSTOM_PARAM_VALUE (ID, CREATED, MODIFIED, PARAMVALUE, CUSTOMPARAM_ID) values (10, CURRENT_TIMESTAMP, CURRENT_TIMESTAMP, '2', 5);
insert into S40CICORE.CUSTOM_PARAM_VALUE (ID, CREATED, MODIFIED, PARAMVALUE, CUSTOMPARAM_ID) values (11, CURRENT_TIMESTAMP, CURRENT_TIMESTAMP, '1', 6);
insert into S40CICORE.CUSTOM_PARAM_VALUE (ID, CREATED, MODIFIED, PARAMVALUE, CUSTOMPARAM_ID) values (12, CURRENT_TIMESTAMP, CURRENT_TIMESTAMP, '2', 6);
insert into S40CICORE.CUSTOM_PARAM_VALUE (ID, CREATED, MODIFIED, PARAMVALUE, CUSTOMPARAM_ID) values (13, CURRENT_TIMESTAMP, CURRENT_TIMESTAMP, '1', 7);
insert into S40CICORE.CUSTOM_PARAM_VALUE (ID, CREATED, MODIFIED, PARAMVALUE, CUSTOMPARAM_ID) values (14, CURRENT_TIMESTAMP, CURRENT_TIMESTAMP, '2', 7);
insert into S40CICORE.CUSTOM_PARAM_VALUE (ID, CREATED, MODIFIED, PARAMVALUE, CUSTOMPARAM_ID) values (15, CURRENT_TIMESTAMP, CURRENT_TIMESTAMP, '1', 8);
insert into S40CICORE.CUSTOM_PARAM_VALUE (ID, CREATED, MODIFIED, PARAMVALUE, CUSTOMPARAM_ID) values (16, CURRENT_TIMESTAMP, CURRENT_TIMESTAMP, '2', 8);

-- PROJECT PRODUCTS --
insert into S40CICORE.PROJECT_PRODUCT (PROJECTS_ID, PRODUCTS_ID) values (1, 1);
insert into S40CICORE.PROJECT_PRODUCT (PROJECTS_ID, PRODUCTS_ID) values (1, 2);
insert into S40CICORE.PROJECT_PRODUCT (PROJECTS_ID, PRODUCTS_ID) values (1, 3);
insert into S40CICORE.PROJECT_PRODUCT (PROJECTS_ID, PRODUCTS_ID) values (1, 4);

insert into S40CICORE.PROJECT_PRODUCT (PROJECTS_ID, PRODUCTS_ID) values (2, 1);
insert into S40CICORE.PROJECT_PRODUCT (PROJECTS_ID, PRODUCTS_ID) values (2, 3);
insert into S40CICORE.PROJECT_PRODUCT (PROJECTS_ID, PRODUCTS_ID) values (2, 4);

insert into S40CICORE.PROJECT_PRODUCT (PROJECTS_ID, PRODUCTS_ID) values (3, 3);
insert into S40CICORE.PROJECT_PRODUCT (PROJECTS_ID, PRODUCTS_ID) values (3, 4);

-- PROJECT VERIFICATIONS --
insert into S40CICORE.PROJECT_VERIFICATION (PROJECTS_ID, VERIFICATIONS_ID) values (1, 1);
insert into S40CICORE.PROJECT_VERIFICATION (PROJECTS_ID, VERIFICATIONS_ID) values (1, 2);
insert into S40CICORE.PROJECT_VERIFICATION (PROJECTS_ID, VERIFICATIONS_ID) values (1, 3);
insert into S40CICORE.PROJECT_VERIFICATION (PROJECTS_ID, VERIFICATIONS_ID) values (1, 4);
insert into S40CICORE.PROJECT_VERIFICATION (PROJECTS_ID, VERIFICATIONS_ID) values (1, 5);
insert into S40CICORE.PROJECT_VERIFICATION (PROJECTS_ID, VERIFICATIONS_ID) values (1, 6);
insert into S40CICORE.PROJECT_VERIFICATION (PROJECTS_ID, VERIFICATIONS_ID) values (1, 7);
insert into S40CICORE.PROJECT_VERIFICATION (PROJECTS_ID, VERIFICATIONS_ID) values (1, 8);
insert into S40CICORE.PROJECT_VERIFICATION (PROJECTS_ID, VERIFICATIONS_ID) values (1, 9);
insert into S40CICORE.PROJECT_VERIFICATION (PROJECTS_ID, VERIFICATIONS_ID) values (1, 10);
insert into S40CICORE.PROJECT_VERIFICATION (PROJECTS_ID, VERIFICATIONS_ID) values (1, 11);
insert into S40CICORE.PROJECT_VERIFICATION (PROJECTS_ID, VERIFICATIONS_ID) values (1, 12);

insert into S40CICORE.PROJECT_VERIFICATION (PROJECTS_ID, VERIFICATIONS_ID) values (2, 1);
insert into S40CICORE.PROJECT_VERIFICATION (PROJECTS_ID, VERIFICATIONS_ID) values (2, 2);
insert into S40CICORE.PROJECT_VERIFICATION (PROJECTS_ID, VERIFICATIONS_ID) values (2, 3);
insert into S40CICORE.PROJECT_VERIFICATION (PROJECTS_ID, VERIFICATIONS_ID) values (2, 4);
insert into S40CICORE.PROJECT_VERIFICATION (PROJECTS_ID, VERIFICATIONS_ID) values (2, 5);

insert into S40CICORE.PROJECT_VERIFICATION (PROJECTS_ID, VERIFICATIONS_ID) values (3, 1);
insert into S40CICORE.PROJECT_VERIFICATION (PROJECTS_ID, VERIFICATIONS_ID) values (3, 3);
insert into S40CICORE.PROJECT_VERIFICATION (PROJECTS_ID, VERIFICATIONS_ID) values (3, 5);
insert into S40CICORE.PROJECT_VERIFICATION (PROJECTS_ID, VERIFICATIONS_ID) values (3, 7);
insert into S40CICORE.PROJECT_VERIFICATION (PROJECTS_ID, VERIFICATIONS_ID) values (3, 9);

-- PROJECT VERIFICATION CONFS --
insert into S40CICORE.PROJECT_VERIFICATION_CONF (ID, PROJECT_ID, PRODUCT_ID, VERIFICATION_ID) values (1, 1, 1, 1);
insert into S40CICORE.PROJECT_VERIFICATION_CONF (ID, PROJECT_ID, PRODUCT_ID, VERIFICATION_ID) values (2, 1, 1, 2);
insert into S40CICORE.PROJECT_VERIFICATION_CONF (ID, PROJECT_ID, PRODUCT_ID, VERIFICATION_ID) values (3, 1, 1, 3);
insert into S40CICORE.PROJECT_VERIFICATION_CONF (ID, PROJECT_ID, PRODUCT_ID, VERIFICATION_ID) values (4, 1, 1, 4);
insert into S40CICORE.PROJECT_VERIFICATION_CONF (ID, PROJECT_ID, PRODUCT_ID, VERIFICATION_ID) values (5, 1, 1, 5);
insert into S40CICORE.PROJECT_VERIFICATION_CONF (ID, PROJECT_ID, PRODUCT_ID, VERIFICATION_ID) values (6, 1, 1, 6);
insert into S40CICORE.PROJECT_VERIFICATION_CONF (ID, PROJECT_ID, PRODUCT_ID, VERIFICATION_ID) values (7, 1, 1, 7);
insert into S40CICORE.PROJECT_VERIFICATION_CONF (ID, PROJECT_ID, PRODUCT_ID, VERIFICATION_ID) values (8, 1, 1, 8);
insert into S40CICORE.PROJECT_VERIFICATION_CONF (ID, PROJECT_ID, PRODUCT_ID, VERIFICATION_ID) values (9, 1, 1, 9);
insert into S40CICORE.PROJECT_VERIFICATION_CONF (ID, PROJECT_ID, PRODUCT_ID, VERIFICATION_ID) values (10, 1, 2, 1);
insert into S40CICORE.PROJECT_VERIFICATION_CONF (ID, PROJECT_ID, PRODUCT_ID, VERIFICATION_ID) values (12, 1, 2, 2);
insert into S40CICORE.PROJECT_VERIFICATION_CONF (ID, PROJECT_ID, PRODUCT_ID, VERIFICATION_ID) values (13, 1, 2, 3);
insert into S40CICORE.PROJECT_VERIFICATION_CONF (ID, PROJECT_ID, PRODUCT_ID, VERIFICATION_ID) values (14, 1, 2, 4);
insert into S40CICORE.PROJECT_VERIFICATION_CONF (ID, PROJECT_ID, PRODUCT_ID, VERIFICATION_ID) values (15, 1, 2, 5);
insert into S40CICORE.PROJECT_VERIFICATION_CONF (ID, PROJECT_ID, PRODUCT_ID, VERIFICATION_ID) values (16, 1, 2, 6);
insert into S40CICORE.PROJECT_VERIFICATION_CONF (ID, PROJECT_ID, PRODUCT_ID, VERIFICATION_ID) values (17, 1, 2, 7);
insert into S40CICORE.PROJECT_VERIFICATION_CONF (ID, PROJECT_ID, PRODUCT_ID, VERIFICATION_ID) values (18, 1, 2, 8);
insert into S40CICORE.PROJECT_VERIFICATION_CONF (ID, PROJECT_ID, PRODUCT_ID, VERIFICATION_ID) values (19, 1, 2, 9);
insert into S40CICORE.PROJECT_VERIFICATION_CONF (ID, PROJECT_ID, PRODUCT_ID, VERIFICATION_ID) values (20, 1, 3, 1);
insert into S40CICORE.PROJECT_VERIFICATION_CONF (ID, PROJECT_ID, PRODUCT_ID, VERIFICATION_ID) values (21, 1, 3, 2);
insert into S40CICORE.PROJECT_VERIFICATION_CONF (ID, PROJECT_ID, PRODUCT_ID, VERIFICATION_ID) values (22, 1, 3, 3);
insert into S40CICORE.PROJECT_VERIFICATION_CONF (ID, PROJECT_ID, PRODUCT_ID, VERIFICATION_ID) values (23, 1, 3, 4);
insert into S40CICORE.PROJECT_VERIFICATION_CONF (ID, PROJECT_ID, PRODUCT_ID, VERIFICATION_ID) values (24, 1, 3, 5);
insert into S40CICORE.PROJECT_VERIFICATION_CONF (ID, PROJECT_ID, PRODUCT_ID, VERIFICATION_ID) values (25, 1, 3, 6);
insert into S40CICORE.PROJECT_VERIFICATION_CONF (ID, PROJECT_ID, PRODUCT_ID, VERIFICATION_ID) values (26, 1, 3, 7);
insert into S40CICORE.PROJECT_VERIFICATION_CONF (ID, PROJECT_ID, PRODUCT_ID, VERIFICATION_ID) values (27, 1, 3, 8);
insert into S40CICORE.PROJECT_VERIFICATION_CONF (ID, PROJECT_ID, PRODUCT_ID, VERIFICATION_ID) values (28, 1, 3, 9);
insert into S40CICORE.PROJECT_VERIFICATION_CONF (ID, PROJECT_ID, PRODUCT_ID, VERIFICATION_ID) values (29, 1, 4, 1);
insert into S40CICORE.PROJECT_VERIFICATION_CONF (ID, PROJECT_ID, PRODUCT_ID, VERIFICATION_ID) values (30, 1, 4, 2);
insert into S40CICORE.PROJECT_VERIFICATION_CONF (ID, PROJECT_ID, PRODUCT_ID, VERIFICATION_ID) values (31, 1, 4, 3);
insert into S40CICORE.PROJECT_VERIFICATION_CONF (ID, PROJECT_ID, PRODUCT_ID, VERIFICATION_ID) values (32, 1, 4, 4);
insert into S40CICORE.PROJECT_VERIFICATION_CONF (ID, PROJECT_ID, PRODUCT_ID, VERIFICATION_ID) values (33, 1, 4, 5);
insert into S40CICORE.PROJECT_VERIFICATION_CONF (ID, PROJECT_ID, PRODUCT_ID, VERIFICATION_ID) values (34, 1, 4, 6);
insert into S40CICORE.PROJECT_VERIFICATION_CONF (ID, PROJECT_ID, PRODUCT_ID, VERIFICATION_ID) values (35, 1, 4, 7);
insert into S40CICORE.PROJECT_VERIFICATION_CONF (ID, PROJECT_ID, PRODUCT_ID, VERIFICATION_ID) values (36, 1, 4, 8);
insert into S40CICORE.PROJECT_VERIFICATION_CONF (ID, PROJECT_ID, PRODUCT_ID, VERIFICATION_ID) values (37, 1, 4, 9);

insert into S40CICORE.PROJECT_VERIFICATION_CONF (ID, PROJECT_ID, PRODUCT_ID, VERIFICATION_ID) values (38, 2, 1, 1);
insert into S40CICORE.PROJECT_VERIFICATION_CONF (ID, PROJECT_ID, PRODUCT_ID, VERIFICATION_ID) values (39, 2, 1, 2);
insert into S40CICORE.PROJECT_VERIFICATION_CONF (ID, PROJECT_ID, PRODUCT_ID, VERIFICATION_ID) values (40, 2, 1, 3);
insert into S40CICORE.PROJECT_VERIFICATION_CONF (ID, PROJECT_ID, PRODUCT_ID, VERIFICATION_ID) values (41, 2, 1, 4);
insert into S40CICORE.PROJECT_VERIFICATION_CONF (ID, PROJECT_ID, PRODUCT_ID, VERIFICATION_ID) values (42, 2, 1, 5);
insert into S40CICORE.PROJECT_VERIFICATION_CONF (ID, PROJECT_ID, PRODUCT_ID, VERIFICATION_ID) values (47, 2, 3, 2);
insert into S40CICORE.PROJECT_VERIFICATION_CONF (ID, PROJECT_ID, PRODUCT_ID, VERIFICATION_ID) values (48, 2, 3, 3);
insert into S40CICORE.PROJECT_VERIFICATION_CONF (ID, PROJECT_ID, PRODUCT_ID, VERIFICATION_ID) values (49, 2, 3, 4);
insert into S40CICORE.PROJECT_VERIFICATION_CONF (ID, PROJECT_ID, PRODUCT_ID, VERIFICATION_ID) values (50, 2, 3, 5);
insert into S40CICORE.PROJECT_VERIFICATION_CONF (ID, PROJECT_ID, PRODUCT_ID, VERIFICATION_ID) values (51, 2, 3, 6);
insert into S40CICORE.PROJECT_VERIFICATION_CONF (ID, PROJECT_ID, PRODUCT_ID, VERIFICATION_ID) values (52, 2, 4, 1);
insert into S40CICORE.PROJECT_VERIFICATION_CONF (ID, PROJECT_ID, PRODUCT_ID, VERIFICATION_ID) values (53, 2, 4, 2);
insert into S40CICORE.PROJECT_VERIFICATION_CONF (ID, PROJECT_ID, PRODUCT_ID, VERIFICATION_ID) values (54, 2, 4, 4);
insert into S40CICORE.PROJECT_VERIFICATION_CONF (ID, PROJECT_ID, PRODUCT_ID, VERIFICATION_ID) values (55, 2, 4, 5);

insert into S40CICORE.PROJECT_VERIFICATION_CONF (ID, PROJECT_ID, PRODUCT_ID, VERIFICATION_ID) values (56, 3, 3, 1);
insert into S40CICORE.PROJECT_VERIFICATION_CONF (ID, PROJECT_ID, PRODUCT_ID, VERIFICATION_ID) values (57, 3, 3, 3);
insert into S40CICORE.PROJECT_VERIFICATION_CONF (ID, PROJECT_ID, PRODUCT_ID, VERIFICATION_ID) values (58, 3, 3, 5);
insert into S40CICORE.PROJECT_VERIFICATION_CONF (ID, PROJECT_ID, PRODUCT_ID, VERIFICATION_ID) values (59, 3, 3, 7);
insert into S40CICORE.PROJECT_VERIFICATION_CONF (ID, PROJECT_ID, PRODUCT_ID, VERIFICATION_ID) values (60, 3, 3, 9);
insert into S40CICORE.PROJECT_VERIFICATION_CONF (ID, PROJECT_ID, PRODUCT_ID, VERIFICATION_ID) values (61, 3, 4, 1);
insert into S40CICORE.PROJECT_VERIFICATION_CONF (ID, PROJECT_ID, PRODUCT_ID, VERIFICATION_ID) values (62, 3, 4, 3);
insert into S40CICORE.PROJECT_VERIFICATION_CONF (ID, PROJECT_ID, PRODUCT_ID, VERIFICATION_ID) values (63, 3, 4, 7);
insert into S40CICORE.PROJECT_VERIFICATION_CONF (ID, PROJECT_ID, PRODUCT_ID, VERIFICATION_ID) values (64, 3, 4, 9);

insert into S40CICORE.PROJECT_VERIFICATION_CONF (ID, PROJECT_ID, PRODUCT_ID, VERIFICATION_ID) values (65, 1, 1, 10);
insert into S40CICORE.PROJECT_VERIFICATION_CONF (ID, PROJECT_ID, PRODUCT_ID, VERIFICATION_ID) values (66, 1, 1, 11);
insert into S40CICORE.PROJECT_VERIFICATION_CONF (ID, PROJECT_ID, PRODUCT_ID, VERIFICATION_ID) values (67, 1, 2, 10);
insert into S40CICORE.PROJECT_VERIFICATION_CONF (ID, PROJECT_ID, PRODUCT_ID, VERIFICATION_ID) values (68, 1, 2, 11);
insert into S40CICORE.PROJECT_VERIFICATION_CONF (ID, PROJECT_ID, PRODUCT_ID, VERIFICATION_ID) values (69, 1, 3, 10);
insert into S40CICORE.PROJECT_VERIFICATION_CONF (ID, PROJECT_ID, PRODUCT_ID, VERIFICATION_ID) values (70, 1, 3, 11);
insert into S40CICORE.PROJECT_VERIFICATION_CONF (ID, PROJECT_ID, PRODUCT_ID, VERIFICATION_ID) values (71, 1, 4, 10);
insert into S40CICORE.PROJECT_VERIFICATION_CONF (ID, PROJECT_ID, PRODUCT_ID, VERIFICATION_ID) values (72, 1, 4, 11);
insert into S40CICORE.PROJECT_VERIFICATION_CONF (ID, PROJECT_ID, PRODUCT_ID, VERIFICATION_ID) values (73, 1, 4, 12);

-- BRANCH VERIFICATION CONFS --
insert into S40CICORE.BRANCH_VERIFICATION_CONF (ID, BRANCH_ID, PRODUCT_ID, VERIFICATION_ID) values (1, 1, 1, 1);
insert into S40CICORE.BRANCH_VERIFICATION_CONF (ID, BRANCH_ID, PRODUCT_ID, VERIFICATION_ID) values (2, 1, 1, 2);
insert into S40CICORE.BRANCH_VERIFICATION_CONF (ID, BRANCH_ID, PRODUCT_ID, VERIFICATION_ID) values (3, 1, 1, 3);
insert into S40CICORE.BRANCH_VERIFICATION_CONF (ID, BRANCH_ID, PRODUCT_ID, VERIFICATION_ID) values (4, 1, 1, 4);
insert into S40CICORE.BRANCH_VERIFICATION_CONF (ID, BRANCH_ID, PRODUCT_ID, VERIFICATION_ID) values (5, 1, 1, 5);
insert into S40CICORE.BRANCH_VERIFICATION_CONF (ID, BRANCH_ID, PRODUCT_ID, VERIFICATION_ID) values (6, 1, 1, 6);
insert into S40CICORE.BRANCH_VERIFICATION_CONF (ID, BRANCH_ID, PRODUCT_ID, VERIFICATION_ID) values (7, 1, 1, 7);
insert into S40CICORE.BRANCH_VERIFICATION_CONF (ID, BRANCH_ID, PRODUCT_ID, VERIFICATION_ID) values (8, 1, 1, 8);
insert into S40CICORE.BRANCH_VERIFICATION_CONF (ID, BRANCH_ID, PRODUCT_ID, VERIFICATION_ID) values (9, 1, 1, 9);
insert into S40CICORE.BRANCH_VERIFICATION_CONF (ID, BRANCH_ID, PRODUCT_ID, VERIFICATION_ID) values (10, 1, 2, 1);
insert into S40CICORE.BRANCH_VERIFICATION_CONF (ID, BRANCH_ID, PRODUCT_ID, VERIFICATION_ID) values (12, 1, 2, 2);
insert into S40CICORE.BRANCH_VERIFICATION_CONF (ID, BRANCH_ID, PRODUCT_ID, VERIFICATION_ID) values (13, 1, 2, 3);
insert into S40CICORE.BRANCH_VERIFICATION_CONF (ID, BRANCH_ID, PRODUCT_ID, VERIFICATION_ID) values (14, 1, 2, 4);
insert into S40CICORE.BRANCH_VERIFICATION_CONF (ID, BRANCH_ID, PRODUCT_ID, VERIFICATION_ID) values (15, 1, 2, 5);
insert into S40CICORE.BRANCH_VERIFICATION_CONF (ID, BRANCH_ID, PRODUCT_ID, VERIFICATION_ID) values (16, 1, 2, 6);
insert into S40CICORE.BRANCH_VERIFICATION_CONF (ID, BRANCH_ID, PRODUCT_ID, VERIFICATION_ID) values (17, 1, 2, 7);
insert into S40CICORE.BRANCH_VERIFICATION_CONF (ID, BRANCH_ID, PRODUCT_ID, VERIFICATION_ID) values (18, 1, 2, 8);
insert into S40CICORE.BRANCH_VERIFICATION_CONF (ID, BRANCH_ID, PRODUCT_ID, VERIFICATION_ID) values (19, 1, 2, 9);
insert into S40CICORE.BRANCH_VERIFICATION_CONF (ID, BRANCH_ID, PRODUCT_ID, VERIFICATION_ID) values (20, 1, 3, 1);
insert into S40CICORE.BRANCH_VERIFICATION_CONF (ID, BRANCH_ID, PRODUCT_ID, VERIFICATION_ID) values (21, 1, 3, 2);
insert into S40CICORE.BRANCH_VERIFICATION_CONF (ID, BRANCH_ID, PRODUCT_ID, VERIFICATION_ID) values (22, 1, 3, 3);
insert into S40CICORE.BRANCH_VERIFICATION_CONF (ID, BRANCH_ID, PRODUCT_ID, VERIFICATION_ID) values (23, 1, 3, 4);
insert into S40CICORE.BRANCH_VERIFICATION_CONF (ID, BRANCH_ID, PRODUCT_ID, VERIFICATION_ID) values (24, 1, 3, 5);
insert into S40CICORE.BRANCH_VERIFICATION_CONF (ID, BRANCH_ID, PRODUCT_ID, VERIFICATION_ID) values (25, 1, 3, 6);
insert into S40CICORE.BRANCH_VERIFICATION_CONF (ID, BRANCH_ID, PRODUCT_ID, VERIFICATION_ID) values (26, 1, 3, 7);
insert into S40CICORE.BRANCH_VERIFICATION_CONF (ID, BRANCH_ID, PRODUCT_ID, VERIFICATION_ID) values (27, 1, 3, 8);
insert into S40CICORE.BRANCH_VERIFICATION_CONF (ID, BRANCH_ID, PRODUCT_ID, VERIFICATION_ID) values (28, 1, 3, 9);
insert into S40CICORE.BRANCH_VERIFICATION_CONF (ID, BRANCH_ID, PRODUCT_ID, VERIFICATION_ID) values (29, 1, 4, 1);
insert into S40CICORE.BRANCH_VERIFICATION_CONF (ID, BRANCH_ID, PRODUCT_ID, VERIFICATION_ID) values (30, 1, 4, 2);
insert into S40CICORE.BRANCH_VERIFICATION_CONF (ID, BRANCH_ID, PRODUCT_ID, VERIFICATION_ID) values (31, 1, 4, 3);
insert into S40CICORE.BRANCH_VERIFICATION_CONF (ID, BRANCH_ID, PRODUCT_ID, VERIFICATION_ID) values (32, 1, 4, 4);
insert into S40CICORE.BRANCH_VERIFICATION_CONF (ID, BRANCH_ID, PRODUCT_ID, VERIFICATION_ID) values (33, 1, 4, 5);
insert into S40CICORE.BRANCH_VERIFICATION_CONF (ID, BRANCH_ID, PRODUCT_ID, VERIFICATION_ID) values (34, 1, 4, 6);
insert into S40CICORE.BRANCH_VERIFICATION_CONF (ID, BRANCH_ID, PRODUCT_ID, VERIFICATION_ID) values (35, 1, 4, 7);
insert into S40CICORE.BRANCH_VERIFICATION_CONF (ID, BRANCH_ID, PRODUCT_ID, VERIFICATION_ID) values (36, 1, 4, 8);
insert into S40CICORE.BRANCH_VERIFICATION_CONF (ID, BRANCH_ID, PRODUCT_ID, VERIFICATION_ID) values (37, 1, 4, 9);

insert into S40CICORE.BRANCH_VERIFICATION_CONF (ID, BRANCH_ID, PRODUCT_ID, VERIFICATION_ID) values (38, 2, 1, 1);
insert into S40CICORE.BRANCH_VERIFICATION_CONF (ID, BRANCH_ID, PRODUCT_ID, VERIFICATION_ID) values (39, 2, 1, 2);
insert into S40CICORE.BRANCH_VERIFICATION_CONF (ID, BRANCH_ID, PRODUCT_ID, VERIFICATION_ID) values (40, 2, 1, 3);
insert into S40CICORE.BRANCH_VERIFICATION_CONF (ID, BRANCH_ID, PRODUCT_ID, VERIFICATION_ID) values (41, 2, 1, 4);
insert into S40CICORE.BRANCH_VERIFICATION_CONF (ID, BRANCH_ID, PRODUCT_ID, VERIFICATION_ID) values (42, 2, 1, 5);
insert into S40CICORE.BRANCH_VERIFICATION_CONF (ID, BRANCH_ID, PRODUCT_ID, VERIFICATION_ID) values (43, 2, 1, 6);
insert into S40CICORE.BRANCH_VERIFICATION_CONF (ID, BRANCH_ID, PRODUCT_ID, VERIFICATION_ID) values (44, 2, 1, 7);
insert into S40CICORE.BRANCH_VERIFICATION_CONF (ID, BRANCH_ID, PRODUCT_ID, VERIFICATION_ID) values (45, 2, 1, 8);
insert into S40CICORE.BRANCH_VERIFICATION_CONF (ID, BRANCH_ID, PRODUCT_ID, VERIFICATION_ID) values (46, 2, 1, 9);
insert into S40CICORE.BRANCH_VERIFICATION_CONF (ID, BRANCH_ID, PRODUCT_ID, VERIFICATION_ID) values (47, 2, 2, 1);
insert into S40CICORE.BRANCH_VERIFICATION_CONF (ID, BRANCH_ID, PRODUCT_ID, VERIFICATION_ID) values (48, 2, 2, 2);
insert into S40CICORE.BRANCH_VERIFICATION_CONF (ID, BRANCH_ID, PRODUCT_ID, VERIFICATION_ID) values (49, 2, 2, 3);
insert into S40CICORE.BRANCH_VERIFICATION_CONF (ID, BRANCH_ID, PRODUCT_ID, VERIFICATION_ID) values (50, 2, 2, 4);
insert into S40CICORE.BRANCH_VERIFICATION_CONF (ID, BRANCH_ID, PRODUCT_ID, VERIFICATION_ID) values (51, 2, 2, 5);
insert into S40CICORE.BRANCH_VERIFICATION_CONF (ID, BRANCH_ID, PRODUCT_ID, VERIFICATION_ID) values (52, 2, 2, 6);
insert into S40CICORE.BRANCH_VERIFICATION_CONF (ID, BRANCH_ID, PRODUCT_ID, VERIFICATION_ID) values (53, 2, 2, 7);
insert into S40CICORE.BRANCH_VERIFICATION_CONF (ID, BRANCH_ID, PRODUCT_ID, VERIFICATION_ID) values (54, 2, 2, 8);
insert into S40CICORE.BRANCH_VERIFICATION_CONF (ID, BRANCH_ID, PRODUCT_ID, VERIFICATION_ID) values (55, 2, 2, 9);
insert into S40CICORE.BRANCH_VERIFICATION_CONF (ID, BRANCH_ID, PRODUCT_ID, VERIFICATION_ID) values (56, 2, 3, 1);
insert into S40CICORE.BRANCH_VERIFICATION_CONF (ID, BRANCH_ID, PRODUCT_ID, VERIFICATION_ID) values (57, 2, 3, 2);
insert into S40CICORE.BRANCH_VERIFICATION_CONF (ID, BRANCH_ID, PRODUCT_ID, VERIFICATION_ID) values (58, 2, 3, 3);
insert into S40CICORE.BRANCH_VERIFICATION_CONF (ID, BRANCH_ID, PRODUCT_ID, VERIFICATION_ID) values (59, 2, 3, 4);
insert into S40CICORE.BRANCH_VERIFICATION_CONF (ID, BRANCH_ID, PRODUCT_ID, VERIFICATION_ID) values (60, 2, 3, 5);
insert into S40CICORE.BRANCH_VERIFICATION_CONF (ID, BRANCH_ID, PRODUCT_ID, VERIFICATION_ID) values (61, 2, 3, 6);
insert into S40CICORE.BRANCH_VERIFICATION_CONF (ID, BRANCH_ID, PRODUCT_ID, VERIFICATION_ID) values (62, 2, 3, 7);
insert into S40CICORE.BRANCH_VERIFICATION_CONF (ID, BRANCH_ID, PRODUCT_ID, VERIFICATION_ID) values (63, 2, 3, 8);
insert into S40CICORE.BRANCH_VERIFICATION_CONF (ID, BRANCH_ID, PRODUCT_ID, VERIFICATION_ID) values (64, 2, 3, 9);
insert into S40CICORE.BRANCH_VERIFICATION_CONF (ID, BRANCH_ID, PRODUCT_ID, VERIFICATION_ID) values (65, 2, 4, 1);
insert into S40CICORE.BRANCH_VERIFICATION_CONF (ID, BRANCH_ID, PRODUCT_ID, VERIFICATION_ID) values (66, 2, 4, 2);
insert into S40CICORE.BRANCH_VERIFICATION_CONF (ID, BRANCH_ID, PRODUCT_ID, VERIFICATION_ID) values (67, 2, 4, 3);
insert into S40CICORE.BRANCH_VERIFICATION_CONF (ID, BRANCH_ID, PRODUCT_ID, VERIFICATION_ID) values (68, 2, 4, 4);
insert into S40CICORE.BRANCH_VERIFICATION_CONF (ID, BRANCH_ID, PRODUCT_ID, VERIFICATION_ID) values (69, 2, 4, 5);
insert into S40CICORE.BRANCH_VERIFICATION_CONF (ID, BRANCH_ID, PRODUCT_ID, VERIFICATION_ID) values (70, 2, 4, 6);
insert into S40CICORE.BRANCH_VERIFICATION_CONF (ID, BRANCH_ID, PRODUCT_ID, VERIFICATION_ID) values (71, 2, 4, 7);
insert into S40CICORE.BRANCH_VERIFICATION_CONF (ID, BRANCH_ID, PRODUCT_ID, VERIFICATION_ID) values (72, 2, 4, 8);
insert into S40CICORE.BRANCH_VERIFICATION_CONF (ID, BRANCH_ID, PRODUCT_ID, VERIFICATION_ID) values (73, 2, 4, 9);

insert into S40CICORE.BRANCH_VERIFICATION_CONF (ID, BRANCH_ID, PRODUCT_ID, VERIFICATION_ID) values (74, 3, 1, 1);
insert into S40CICORE.BRANCH_VERIFICATION_CONF (ID, BRANCH_ID, PRODUCT_ID, VERIFICATION_ID) values (75, 3, 1, 2);
insert into S40CICORE.BRANCH_VERIFICATION_CONF (ID, BRANCH_ID, PRODUCT_ID, VERIFICATION_ID) values (76, 3, 1, 3);
insert into S40CICORE.BRANCH_VERIFICATION_CONF (ID, BRANCH_ID, PRODUCT_ID, VERIFICATION_ID) values (77, 3, 1, 4);
insert into S40CICORE.BRANCH_VERIFICATION_CONF (ID, BRANCH_ID, PRODUCT_ID, VERIFICATION_ID) values (78, 3, 1, 5);
insert into S40CICORE.BRANCH_VERIFICATION_CONF (ID, BRANCH_ID, PRODUCT_ID, VERIFICATION_ID) values (79, 3, 1, 6);
insert into S40CICORE.BRANCH_VERIFICATION_CONF (ID, BRANCH_ID, PRODUCT_ID, VERIFICATION_ID) values (80, 3, 1, 7);
insert into S40CICORE.BRANCH_VERIFICATION_CONF (ID, BRANCH_ID, PRODUCT_ID, VERIFICATION_ID) values (81, 3, 1, 8);
insert into S40CICORE.BRANCH_VERIFICATION_CONF (ID, BRANCH_ID, PRODUCT_ID, VERIFICATION_ID) values (82, 3, 1, 9);
insert into S40CICORE.BRANCH_VERIFICATION_CONF (ID, BRANCH_ID, PRODUCT_ID, VERIFICATION_ID) values (83, 3, 2, 1);
insert into S40CICORE.BRANCH_VERIFICATION_CONF (ID, BRANCH_ID, PRODUCT_ID, VERIFICATION_ID) values (84, 3, 2, 2);
insert into S40CICORE.BRANCH_VERIFICATION_CONF (ID, BRANCH_ID, PRODUCT_ID, VERIFICATION_ID) values (85, 3, 2, 3);
insert into S40CICORE.BRANCH_VERIFICATION_CONF (ID, BRANCH_ID, PRODUCT_ID, VERIFICATION_ID) values (86, 3, 2, 4);
insert into S40CICORE.BRANCH_VERIFICATION_CONF (ID, BRANCH_ID, PRODUCT_ID, VERIFICATION_ID) values (87, 3, 2, 5);
insert into S40CICORE.BRANCH_VERIFICATION_CONF (ID, BRANCH_ID, PRODUCT_ID, VERIFICATION_ID) values (88, 3, 2, 6);
insert into S40CICORE.BRANCH_VERIFICATION_CONF (ID, BRANCH_ID, PRODUCT_ID, VERIFICATION_ID) values (89, 3, 2, 7);
insert into S40CICORE.BRANCH_VERIFICATION_CONF (ID, BRANCH_ID, PRODUCT_ID, VERIFICATION_ID) values (90, 3, 2, 8);
insert into S40CICORE.BRANCH_VERIFICATION_CONF (ID, BRANCH_ID, PRODUCT_ID, VERIFICATION_ID) values (91, 3, 2, 9);
insert into S40CICORE.BRANCH_VERIFICATION_CONF (ID, BRANCH_ID, PRODUCT_ID, VERIFICATION_ID) values (92, 3, 3, 1);
insert into S40CICORE.BRANCH_VERIFICATION_CONF (ID, BRANCH_ID, PRODUCT_ID, VERIFICATION_ID) values (93, 3, 3, 2);
insert into S40CICORE.BRANCH_VERIFICATION_CONF (ID, BRANCH_ID, PRODUCT_ID, VERIFICATION_ID) values (94, 3, 3, 3);
insert into S40CICORE.BRANCH_VERIFICATION_CONF (ID, BRANCH_ID, PRODUCT_ID, VERIFICATION_ID) values (95, 3, 3, 4);
insert into S40CICORE.BRANCH_VERIFICATION_CONF (ID, BRANCH_ID, PRODUCT_ID, VERIFICATION_ID) values (96, 3, 3, 5);
insert into S40CICORE.BRANCH_VERIFICATION_CONF (ID, BRANCH_ID, PRODUCT_ID, VERIFICATION_ID) values (97, 3, 3, 6);
insert into S40CICORE.BRANCH_VERIFICATION_CONF (ID, BRANCH_ID, PRODUCT_ID, VERIFICATION_ID) values (98, 3, 3, 7);
insert into S40CICORE.BRANCH_VERIFICATION_CONF (ID, BRANCH_ID, PRODUCT_ID, VERIFICATION_ID) values (99, 3, 3, 8);
insert into S40CICORE.BRANCH_VERIFICATION_CONF (ID, BRANCH_ID, PRODUCT_ID, VERIFICATION_ID) values (100, 3, 3, 9);
insert into S40CICORE.BRANCH_VERIFICATION_CONF (ID, BRANCH_ID, PRODUCT_ID, VERIFICATION_ID) values (101, 3, 4, 1);
insert into S40CICORE.BRANCH_VERIFICATION_CONF (ID, BRANCH_ID, PRODUCT_ID, VERIFICATION_ID) values (102, 3, 4, 2);
insert into S40CICORE.BRANCH_VERIFICATION_CONF (ID, BRANCH_ID, PRODUCT_ID, VERIFICATION_ID) values (103, 3, 4, 3);
insert into S40CICORE.BRANCH_VERIFICATION_CONF (ID, BRANCH_ID, PRODUCT_ID, VERIFICATION_ID) values (104, 3, 4, 4);
insert into S40CICORE.BRANCH_VERIFICATION_CONF (ID, BRANCH_ID, PRODUCT_ID, VERIFICATION_ID) values (105, 3, 4, 5);
insert into S40CICORE.BRANCH_VERIFICATION_CONF (ID, BRANCH_ID, PRODUCT_ID, VERIFICATION_ID) values (106, 3, 4, 6);
insert into S40CICORE.BRANCH_VERIFICATION_CONF (ID, BRANCH_ID, PRODUCT_ID, VERIFICATION_ID) values (107, 3, 4, 7);
insert into S40CICORE.BRANCH_VERIFICATION_CONF (ID, BRANCH_ID, PRODUCT_ID, VERIFICATION_ID) values (108, 3, 4, 8);
insert into S40CICORE.BRANCH_VERIFICATION_CONF (ID, BRANCH_ID, PRODUCT_ID, VERIFICATION_ID) values (109, 3, 4, 9);

insert into S40CICORE.BRANCH_VERIFICATION_CONF (ID, BRANCH_ID, PRODUCT_ID, VERIFICATION_ID) values (110, 4, 1, 1);

insert into S40CICORE.BRANCH_VERIFICATION_CONF (ID, BRANCH_ID, PRODUCT_ID, VERIFICATION_ID) values (111, 5, 1, 1);

insert into S40CICORE.BRANCH_VERIFICATION_CONF (ID, BRANCH_ID, PRODUCT_ID, VERIFICATION_ID) values (112, 6, 1, 1);

insert into S40CICORE.BRANCH_VERIFICATION_CONF (ID, BRANCH_ID, PRODUCT_ID, VERIFICATION_ID) values (113, 7, 3, 1);

insert into S40CICORE.BRANCH_VERIFICATION_CONF (ID, BRANCH_ID, PRODUCT_ID, VERIFICATION_ID) values (114, 8, 3, 1);

insert into S40CICORE.BRANCH_VERIFICATION_CONF (ID, BRANCH_ID, PRODUCT_ID, VERIFICATION_ID) values (115, 9, 3, 1);

insert into S40CICORE.BRANCH_VERIFICATION_CONF (ID, BRANCH_ID, PRODUCT_ID, VERIFICATION_ID) values (116, 10, 1, 1);
insert into S40CICORE.BRANCH_VERIFICATION_CONF (ID, BRANCH_ID, PRODUCT_ID, VERIFICATION_ID) values (117, 10, 1, 2);
insert into S40CICORE.BRANCH_VERIFICATION_CONF (ID, BRANCH_ID, PRODUCT_ID, VERIFICATION_ID) values (118, 10, 1, 3);
insert into S40CICORE.BRANCH_VERIFICATION_CONF (ID, BRANCH_ID, PRODUCT_ID, VERIFICATION_ID) values (119, 10, 1, 4);
insert into S40CICORE.BRANCH_VERIFICATION_CONF (ID, BRANCH_ID, PRODUCT_ID, VERIFICATION_ID) values (120, 10, 1, 5);
insert into S40CICORE.BRANCH_VERIFICATION_CONF (ID, BRANCH_ID, PRODUCT_ID, VERIFICATION_ID) values (121, 10, 1, 6);
insert into S40CICORE.BRANCH_VERIFICATION_CONF (ID, BRANCH_ID, PRODUCT_ID, VERIFICATION_ID) values (122, 10, 1, 7);
insert into S40CICORE.BRANCH_VERIFICATION_CONF (ID, BRANCH_ID, PRODUCT_ID, VERIFICATION_ID) values (123, 10, 1, 8);
insert into S40CICORE.BRANCH_VERIFICATION_CONF (ID, BRANCH_ID, PRODUCT_ID, VERIFICATION_ID) values (124, 10, 1, 9);
insert into S40CICORE.BRANCH_VERIFICATION_CONF (ID, BRANCH_ID, PRODUCT_ID, VERIFICATION_ID) values (125, 10, 2, 1);
insert into S40CICORE.BRANCH_VERIFICATION_CONF (ID, BRANCH_ID, PRODUCT_ID, VERIFICATION_ID) values (126, 10, 2, 2);
insert into S40CICORE.BRANCH_VERIFICATION_CONF (ID, BRANCH_ID, PRODUCT_ID, VERIFICATION_ID) values (127, 10, 2, 3);
insert into S40CICORE.BRANCH_VERIFICATION_CONF (ID, BRANCH_ID, PRODUCT_ID, VERIFICATION_ID) values (128, 10, 2, 4);
insert into S40CICORE.BRANCH_VERIFICATION_CONF (ID, BRANCH_ID, PRODUCT_ID, VERIFICATION_ID) values (129, 10, 2, 5);
insert into S40CICORE.BRANCH_VERIFICATION_CONF (ID, BRANCH_ID, PRODUCT_ID, VERIFICATION_ID) values (130, 10, 2, 6);
insert into S40CICORE.BRANCH_VERIFICATION_CONF (ID, BRANCH_ID, PRODUCT_ID, VERIFICATION_ID) values (131, 10, 2, 7);
insert into S40CICORE.BRANCH_VERIFICATION_CONF (ID, BRANCH_ID, PRODUCT_ID, VERIFICATION_ID) values (132, 10, 2, 8);
insert into S40CICORE.BRANCH_VERIFICATION_CONF (ID, BRANCH_ID, PRODUCT_ID, VERIFICATION_ID) values (133, 10, 2, 9);
insert into S40CICORE.BRANCH_VERIFICATION_CONF (ID, BRANCH_ID, PRODUCT_ID, VERIFICATION_ID) values (134, 10, 3, 1);
insert into S40CICORE.BRANCH_VERIFICATION_CONF (ID, BRANCH_ID, PRODUCT_ID, VERIFICATION_ID) values (135, 10, 3, 2);
insert into S40CICORE.BRANCH_VERIFICATION_CONF (ID, BRANCH_ID, PRODUCT_ID, VERIFICATION_ID) values (136, 10, 3, 3);
insert into S40CICORE.BRANCH_VERIFICATION_CONF (ID, BRANCH_ID, PRODUCT_ID, VERIFICATION_ID) values (137, 10, 3, 4);
insert into S40CICORE.BRANCH_VERIFICATION_CONF (ID, BRANCH_ID, PRODUCT_ID, VERIFICATION_ID) values (138, 10, 3, 5);
insert into S40CICORE.BRANCH_VERIFICATION_CONF (ID, BRANCH_ID, PRODUCT_ID, VERIFICATION_ID) values (139, 10, 3, 6);
insert into S40CICORE.BRANCH_VERIFICATION_CONF (ID, BRANCH_ID, PRODUCT_ID, VERIFICATION_ID) values (140, 10, 3, 7);
insert into S40CICORE.BRANCH_VERIFICATION_CONF (ID, BRANCH_ID, PRODUCT_ID, VERIFICATION_ID) values (141, 10, 3, 8);
insert into S40CICORE.BRANCH_VERIFICATION_CONF (ID, BRANCH_ID, PRODUCT_ID, VERIFICATION_ID) values (142, 10, 3, 9);
insert into S40CICORE.BRANCH_VERIFICATION_CONF (ID, BRANCH_ID, PRODUCT_ID, VERIFICATION_ID) values (143, 10, 4, 1);
insert into S40CICORE.BRANCH_VERIFICATION_CONF (ID, BRANCH_ID, PRODUCT_ID, VERIFICATION_ID) values (144, 10, 4, 2);
insert into S40CICORE.BRANCH_VERIFICATION_CONF (ID, BRANCH_ID, PRODUCT_ID, VERIFICATION_ID) values (145, 10, 4, 3);
insert into S40CICORE.BRANCH_VERIFICATION_CONF (ID, BRANCH_ID, PRODUCT_ID, VERIFICATION_ID) values (146, 10, 4, 4);
insert into S40CICORE.BRANCH_VERIFICATION_CONF (ID, BRANCH_ID, PRODUCT_ID, VERIFICATION_ID) values (147, 10, 4, 5);
insert into S40CICORE.BRANCH_VERIFICATION_CONF (ID, BRANCH_ID, PRODUCT_ID, VERIFICATION_ID) values (148, 10, 4, 6);
insert into S40CICORE.BRANCH_VERIFICATION_CONF (ID, BRANCH_ID, PRODUCT_ID, VERIFICATION_ID) values (149, 10, 4, 7);
insert into S40CICORE.BRANCH_VERIFICATION_CONF (ID, BRANCH_ID, PRODUCT_ID, VERIFICATION_ID) values (150, 10, 4, 8);
insert into S40CICORE.BRANCH_VERIFICATION_CONF (ID, BRANCH_ID, PRODUCT_ID, VERIFICATION_ID) values (151, 10, 4, 9);

insert into S40CICORE.BRANCH_VERIFICATION_CONF (ID, BRANCH_ID, PRODUCT_ID, VERIFICATION_ID) values (152, 12, 1, 1);
insert into S40CICORE.BRANCH_VERIFICATION_CONF (ID, BRANCH_ID, PRODUCT_ID, VERIFICATION_ID) values (153, 12, 1, 2);
insert into S40CICORE.BRANCH_VERIFICATION_CONF (ID, BRANCH_ID, PRODUCT_ID, VERIFICATION_ID) values (154, 12, 1, 3);
insert into S40CICORE.BRANCH_VERIFICATION_CONF (ID, BRANCH_ID, PRODUCT_ID, VERIFICATION_ID) values (155, 12, 1, 4);
insert into S40CICORE.BRANCH_VERIFICATION_CONF (ID, BRANCH_ID, PRODUCT_ID, VERIFICATION_ID) values (156, 12, 1, 5);
insert into S40CICORE.BRANCH_VERIFICATION_CONF (ID, BRANCH_ID, PRODUCT_ID, VERIFICATION_ID) values (157, 12, 1, 6);
insert into S40CICORE.BRANCH_VERIFICATION_CONF (ID, BRANCH_ID, PRODUCT_ID, VERIFICATION_ID) values (158, 12, 1, 7);
insert into S40CICORE.BRANCH_VERIFICATION_CONF (ID, BRANCH_ID, PRODUCT_ID, VERIFICATION_ID) values (159, 12, 1, 8);
insert into S40CICORE.BRANCH_VERIFICATION_CONF (ID, BRANCH_ID, PRODUCT_ID, VERIFICATION_ID) values (160, 12, 1, 9);
insert into S40CICORE.BRANCH_VERIFICATION_CONF (ID, BRANCH_ID, PRODUCT_ID, VERIFICATION_ID) values (161, 12, 2, 1);
insert into S40CICORE.BRANCH_VERIFICATION_CONF (ID, BRANCH_ID, PRODUCT_ID, VERIFICATION_ID) values (162, 12, 2, 2);
insert into S40CICORE.BRANCH_VERIFICATION_CONF (ID, BRANCH_ID, PRODUCT_ID, VERIFICATION_ID) values (163, 12, 2, 3);
insert into S40CICORE.BRANCH_VERIFICATION_CONF (ID, BRANCH_ID, PRODUCT_ID, VERIFICATION_ID) values (164, 12, 2, 4);
insert into S40CICORE.BRANCH_VERIFICATION_CONF (ID, BRANCH_ID, PRODUCT_ID, VERIFICATION_ID) values (165, 12, 2, 5);
insert into S40CICORE.BRANCH_VERIFICATION_CONF (ID, BRANCH_ID, PRODUCT_ID, VERIFICATION_ID) values (166, 12, 2, 6);
insert into S40CICORE.BRANCH_VERIFICATION_CONF (ID, BRANCH_ID, PRODUCT_ID, VERIFICATION_ID) values (167, 12, 2, 7);
insert into S40CICORE.BRANCH_VERIFICATION_CONF (ID, BRANCH_ID, PRODUCT_ID, VERIFICATION_ID) values (168, 12, 2, 8);
insert into S40CICORE.BRANCH_VERIFICATION_CONF (ID, BRANCH_ID, PRODUCT_ID, VERIFICATION_ID) values (169, 12, 2, 9);
insert into S40CICORE.BRANCH_VERIFICATION_CONF (ID, BRANCH_ID, PRODUCT_ID, VERIFICATION_ID) values (170, 12, 3, 1);
insert into S40CICORE.BRANCH_VERIFICATION_CONF (ID, BRANCH_ID, PRODUCT_ID, VERIFICATION_ID) values (171, 12, 3, 2);
insert into S40CICORE.BRANCH_VERIFICATION_CONF (ID, BRANCH_ID, PRODUCT_ID, VERIFICATION_ID) values (172, 12, 3, 3);
insert into S40CICORE.BRANCH_VERIFICATION_CONF (ID, BRANCH_ID, PRODUCT_ID, VERIFICATION_ID) values (173, 12, 3, 4);
insert into S40CICORE.BRANCH_VERIFICATION_CONF (ID, BRANCH_ID, PRODUCT_ID, VERIFICATION_ID) values (174, 12, 3, 5);
insert into S40CICORE.BRANCH_VERIFICATION_CONF (ID, BRANCH_ID, PRODUCT_ID, VERIFICATION_ID) values (175, 12, 3, 6);
insert into S40CICORE.BRANCH_VERIFICATION_CONF (ID, BRANCH_ID, PRODUCT_ID, VERIFICATION_ID) values (176, 12, 3, 7);
insert into S40CICORE.BRANCH_VERIFICATION_CONF (ID, BRANCH_ID, PRODUCT_ID, VERIFICATION_ID) values (177, 12, 3, 8);
insert into S40CICORE.BRANCH_VERIFICATION_CONF (ID, BRANCH_ID, PRODUCT_ID, VERIFICATION_ID) values (178, 12, 3, 9);
insert into S40CICORE.BRANCH_VERIFICATION_CONF (ID, BRANCH_ID, PRODUCT_ID, VERIFICATION_ID) values (179, 12, 4, 1);
insert into S40CICORE.BRANCH_VERIFICATION_CONF (ID, BRANCH_ID, PRODUCT_ID, VERIFICATION_ID) values (180, 12, 4, 2);
insert into S40CICORE.BRANCH_VERIFICATION_CONF (ID, BRANCH_ID, PRODUCT_ID, VERIFICATION_ID) values (181, 12, 4, 3);
insert into S40CICORE.BRANCH_VERIFICATION_CONF (ID, BRANCH_ID, PRODUCT_ID, VERIFICATION_ID) values (182, 12, 4, 4);
insert into S40CICORE.BRANCH_VERIFICATION_CONF (ID, BRANCH_ID, PRODUCT_ID, VERIFICATION_ID) values (183, 12, 4, 5);
insert into S40CICORE.BRANCH_VERIFICATION_CONF (ID, BRANCH_ID, PRODUCT_ID, VERIFICATION_ID) values (184, 12, 4, 6);
insert into S40CICORE.BRANCH_VERIFICATION_CONF (ID, BRANCH_ID, PRODUCT_ID, VERIFICATION_ID) values (185, 12, 4, 7);
insert into S40CICORE.BRANCH_VERIFICATION_CONF (ID, BRANCH_ID, PRODUCT_ID, VERIFICATION_ID) values (186, 12, 4, 8);
insert into S40CICORE.BRANCH_VERIFICATION_CONF (ID, BRANCH_ID, PRODUCT_ID, VERIFICATION_ID) values (187, 12, 4, 9);
insert into S40CICORE.BRANCH_VERIFICATION_CONF (ID, BRANCH_ID, PRODUCT_ID, VERIFICATION_ID) values (188, 1, 4, 12);

-- ANNOUNCEMENT --
insert into S40CICORE.GLOBAL_ANNOUNCEMENT (ID, MESSAGE, TYPE) values (1, 'global announcement demo','WARNING');
insert into S40CICORE.PROJECT_ANNOUNCEMENT (ID, MESSAGE, TYPE, PROJECT_ID) values (2, 'project announcement demo','INFO', 1);
insert into S40CICORE.JOB_ANNOUNCEMENT (ID, MESSAGE, TYPE, JOB_ID) values (3, 'job announcement demo','FATAL', 1);


-- LOADBALANCER --
insert into S40CICORE.SLAVE_POOL (ID, CREATED, NAME) values (1, CURRENT_TIMESTAMP, 'ci20_evo');
insert into S40CICORE.SLAVE_POOL (ID, CREATED, NAME) values (2, CURRENT_TIMESTAMP, 'ci20_entry_ecl');

insert into S40CICORE.SLAVE_LABEL (ID, CREATED, NAME) values (1, CURRENT_TIMESTAMP, 'win_Beijing');
insert into S40CICORE.SLAVE_LABEL (ID, CREATED, NAME) values (2, CURRENT_TIMESTAMP, 'oulu_slave');

insert into S40CICORE.VERIFICATION_SLAVE_LABEL (VERIFICATIONS_ID, SLAVELABELS_ID) values (3, 1);
insert into S40CICORE.VERIFICATION_SLAVE_LABEL (VERIFICATIONS_ID, SLAVELABELS_ID) values (4, 1);
insert into S40CICORE.VERIFICATION_SLAVE_LABEL (VERIFICATIONS_ID, SLAVELABELS_ID) values (4, 2);

insert into S40CICORE.SLAVE_MACHINE (ID, CREATED, URL, PORT, WORKSPACE, STARTSCRIPT, ENDSCRIPT, MAXSLAVEINSTANCEAMOUNT) values (1, CURRENT_TIMESTAMP, 'oucis017.europe.nokia.com', 22, '/local/groups/workspace/', '/nokia/apps/s40ci/tools/scripts/lb_slave_launcher_2.sh', '/nokia/apps/s40ci/tools/scripts/lb_end_script.sh', 6);
insert into S40CICORE.SLAVE_MACHINE (ID, CREATED, URL, PORT, WORKSPACE, STARTSCRIPT, ENDSCRIPT, MAXSLAVEINSTANCEAMOUNT) values (2, CURRENT_TIMESTAMP, 'oucis018.europe.nokia.com', 22, '/local/groups/workspace/', '/nokia/apps/s40ci/tools/scripts/lb_slave_launcher_2.sh', '/nokia/apps/s40ci/tools/scripts/lb_end_script.sh', 7);
insert into S40CICORE.SLAVE_MACHINE (ID, CREATED, URL, PORT, WORKSPACE, STARTSCRIPT, ENDSCRIPT, MAXSLAVEINSTANCEAMOUNT) values (3, CURRENT_TIMESTAMP, 'becis007.europe.nokia.com', 22, '/local/groups/workspace/', '/nokia/apps/s40ci/tools/scripts/lb_slave_launcher_2.sh', '/nokia/apps/s40ci/tools/scripts/lb_end_script.sh', 2);
insert into S40CICORE.SLAVE_MACHINE (ID, CREATED, URL, PORT, WORKSPACE, STARTSCRIPT, ENDSCRIPT, MAXSLAVEINSTANCEAMOUNT) values (4, CURRENT_TIMESTAMP, 'bewnose001.europe.nokia.com', 22, 'E:\\jenkins\\', 'E:\slave_wrapper\slave_wrapper.bat', NULL, 3);
insert into S40CICORE.SLAVE_MACHINE (ID, CREATED, URL, PORT, WORKSPACE, STARTSCRIPT, ENDSCRIPT, MAXSLAVEINSTANCEAMOUNT) values (5, CURRENT_TIMESTAMP, 'oucis073.europe.nokia.com', 22, '/local/groups/workspace/', '/nokia/apps/s40ci/tools/scripts/lb_slave_launcher_2.sh', '/nokia/apps/s40ci/tools/scripts/lb_end_script.sh', 1);

insert into S40CICORE.SLAVE_INSTANCE (ID, CREATED, SLAVEMACHINE_ID, CURRENTMASTER, RESERVED, VERSION) values (1, CURRENT_TIMESTAMP, 1, NULL, NULL, 1);
insert into S40CICORE.SLAVE_INSTANCE (ID, CREATED, SLAVEMACHINE_ID, CURRENTMASTER, RESERVED, VERSION) values (2, CURRENT_TIMESTAMP, 1, NULL, NULL, 1);
insert into S40CICORE.SLAVE_INSTANCE (ID, CREATED, SLAVEMACHINE_ID, CURRENTMASTER, RESERVED, VERSION) values (3, CURRENT_TIMESTAMP, 1, NULL, NULL, 1);
insert into S40CICORE.SLAVE_INSTANCE (ID, CREATED, SLAVEMACHINE_ID, CURRENTMASTER, RESERVED, VERSION) values (4, CURRENT_TIMESTAMP, 1, 'localhost', CURRENT_TIMESTAMP, 1);
insert into S40CICORE.SLAVE_INSTANCE (ID, CREATED, SLAVEMACHINE_ID, CURRENTMASTER, RESERVED, VERSION) values (5, CURRENT_TIMESTAMP, 1, NULL, NULL, 1);
insert into S40CICORE.SLAVE_INSTANCE (ID, CREATED, SLAVEMACHINE_ID, CURRENTMASTER, RESERVED, VERSION) values (7, CURRENT_TIMESTAMP, 2, NULL, NULL, 1);
insert into S40CICORE.SLAVE_INSTANCE (ID, CREATED, SLAVEMACHINE_ID, CURRENTMASTER, RESERVED, VERSION) values (8, CURRENT_TIMESTAMP, 2, NULL, NULL, 1);
insert into S40CICORE.SLAVE_INSTANCE (ID, CREATED, SLAVEMACHINE_ID, CURRENTMASTER, RESERVED, VERSION) values (9, CURRENT_TIMESTAMP, 2, NULL, NULL, 1);
insert into S40CICORE.SLAVE_INSTANCE (ID, CREATED, SLAVEMACHINE_ID, CURRENTMASTER, RESERVED, VERSION) values (10, CURRENT_TIMESTAMP, 2, 'localhost', CURRENT_TIMESTAMP, 1);
insert into S40CICORE.SLAVE_INSTANCE (ID, CREATED, SLAVEMACHINE_ID, CURRENTMASTER, RESERVED, VERSION) values (11, CURRENT_TIMESTAMP, 2, NULL, NULL, 1);
insert into S40CICORE.SLAVE_INSTANCE (ID, CREATED, SLAVEMACHINE_ID, CURRENTMASTER, RESERVED, VERSION) values (12, CURRENT_TIMESTAMP, 3, NULL, NULL, 1);
insert into S40CICORE.SLAVE_INSTANCE (ID, CREATED, SLAVEMACHINE_ID, CURRENTMASTER, RESERVED, VERSION) values (13, CURRENT_TIMESTAMP, 4, 'localhost', CURRENT_TIMESTAMP, 1);
insert into S40CICORE.SLAVE_INSTANCE (ID, CREATED, SLAVEMACHINE_ID, CURRENTMASTER, RESERVED, VERSION) values (14, CURRENT_TIMESTAMP, 5, NULL, NULL, 1);
insert into S40CICORE.SLAVE_INSTANCE (ID, CREATED, SLAVEMACHINE_ID, CURRENTMASTER, RESERVED, VERSION) values (1015, CURRENT_TIMESTAMP, 2, NULL, NULL, 1);
insert into S40CICORE.SLAVE_INSTANCE (ID, CREATED, SLAVEMACHINE_ID, CURRENTMASTER, RESERVED, VERSION) values (1014, CURRENT_TIMESTAMP, 1, NULL, NULL, 1);

insert into S40CICORE.SLAVE_POOL_SLAVE_INSTANCE (SLAVEPOOLS_ID, SLAVEINSTANCES_ID) values (1, 1);
insert into S40CICORE.SLAVE_POOL_SLAVE_INSTANCE (SLAVEPOOLS_ID, SLAVEINSTANCES_ID) values (1, 2);
insert into S40CICORE.SLAVE_POOL_SLAVE_INSTANCE (SLAVEPOOLS_ID, SLAVEINSTANCES_ID) values (1, 3);
insert into S40CICORE.SLAVE_POOL_SLAVE_INSTANCE (SLAVEPOOLS_ID, SLAVEINSTANCES_ID) values (1, 4);
insert into S40CICORE.SLAVE_POOL_SLAVE_INSTANCE (SLAVEPOOLS_ID, SLAVEINSTANCES_ID) values (1, 5);
insert into S40CICORE.SLAVE_POOL_SLAVE_INSTANCE (SLAVEPOOLS_ID, SLAVEINSTANCES_ID) values (1, 7);
insert into S40CICORE.SLAVE_POOL_SLAVE_INSTANCE (SLAVEPOOLS_ID, SLAVEINSTANCES_ID) values (1, 8);
insert into S40CICORE.SLAVE_POOL_SLAVE_INSTANCE (SLAVEPOOLS_ID, SLAVEINSTANCES_ID) values (1, 9);
insert into S40CICORE.SLAVE_POOL_SLAVE_INSTANCE (SLAVEPOOLS_ID, SLAVEINSTANCES_ID) values (1, 10);
insert into S40CICORE.SLAVE_POOL_SLAVE_INSTANCE (SLAVEPOOLS_ID, SLAVEINSTANCES_ID) values (1, 11);
insert into S40CICORE.SLAVE_POOL_SLAVE_INSTANCE (SLAVEPOOLS_ID, SLAVEINSTANCES_ID) values (2, 12);
insert into S40CICORE.SLAVE_POOL_SLAVE_INSTANCE (SLAVEPOOLS_ID, SLAVEINSTANCES_ID) values (2, 13);
insert into S40CICORE.SLAVE_POOL_SLAVE_INSTANCE (SLAVEPOOLS_ID, SLAVEINSTANCES_ID) values (1, 14);
insert into S40CICORE.SLAVE_POOL_SLAVE_INSTANCE (SLAVEPOOLS_ID, SLAVEINSTANCES_ID) values (1, 1014);
insert into S40CICORE.SLAVE_POOL_SLAVE_INSTANCE (SLAVEPOOLS_ID, SLAVEINSTANCES_ID) values (1, 1015);

insert into S40CICORE.SLAVE_INSTANCE_SLAVE_LABEL (SLAVEINSTANCES_ID, SLAVELABELS_ID) values (3, 1);
insert into S40CICORE.SLAVE_INSTANCE_SLAVE_LABEL (SLAVEINSTANCES_ID, SLAVELABELS_ID) values (4, 2);
insert into S40CICORE.SLAVE_INSTANCE_SLAVE_LABEL (SLAVEINSTANCES_ID, SLAVELABELS_ID) values (5, 2);
insert into S40CICORE.SLAVE_INSTANCE_SLAVE_LABEL (SLAVEINSTANCES_ID, SLAVELABELS_ID) values (7, 2);

-- LOAD BALANCER SLAVE STATISTICAL DATA
insert into S40CICORE.SLAVE_STAT_PER_POOL (ID, PROVISIONTIME, RESERVEDINSTANCECOUNT, TOTALINSTANCECOUNT, SLAVEPOOL_ID) values (1, '2013-04-01 13:00:00', 5, 20, 1);
insert into S40CICORE.SLAVE_STAT_PER_POOL (ID, PROVISIONTIME, RESERVEDINSTANCECOUNT, TOTALINSTANCECOUNT, SLAVEPOOL_ID) values (2, '2013-05-01 13:00:00', 2, 20, 1);
insert into S40CICORE.SLAVE_STAT_PER_POOL (ID, PROVISIONTIME, RESERVEDINSTANCECOUNT, TOTALINSTANCECOUNT, SLAVEPOOL_ID) values (3, '2013-05-01 16:00:00', 9, 20, 1);
insert into S40CICORE.SLAVE_STAT_PER_POOL (ID, PROVISIONTIME, RESERVEDINSTANCECOUNT, TOTALINSTANCECOUNT, SLAVEPOOL_ID) values (4, '2013-05-01 18:22:00', 6, 20, 1);
insert into S40CICORE.SLAVE_STAT_PER_POOL (ID, PROVISIONTIME, RESERVEDINSTANCECOUNT, TOTALINSTANCECOUNT, SLAVEPOOL_ID) values (5, '2013-05-06 13:00:00', 8, 20, 1);
insert into S40CICORE.SLAVE_STAT_PER_POOL (ID, PROVISIONTIME, RESERVEDINSTANCECOUNT, TOTALINSTANCECOUNT, SLAVEPOOL_ID) values (6, '2013-05-08 13:00:00', 10, 20, 1);
insert into S40CICORE.SLAVE_STAT_PER_POOL (ID, PROVISIONTIME, RESERVEDINSTANCECOUNT, TOTALINSTANCECOUNT, SLAVEPOOL_ID) values (7, '2013-05-22 11:00:00', 7, 20, 1);
insert into S40CICORE.SLAVE_STAT_PER_POOL (ID, PROVISIONTIME, RESERVEDINSTANCECOUNT, TOTALINSTANCECOUNT, SLAVEPOOL_ID) values (8, '2013-05-22 13:00:00', 8, 20, 1);
insert into S40CICORE.SLAVE_STAT_PER_POOL (ID, PROVISIONTIME, RESERVEDINSTANCECOUNT, TOTALINSTANCECOUNT, SLAVEPOOL_ID) values (9, '2013-05-22 15:20:20', 2, 20, 1);
insert into S40CICORE.SLAVE_STAT_PER_POOL (ID, PROVISIONTIME, RESERVEDINSTANCECOUNT, TOTALINSTANCECOUNT, SLAVEPOOL_ID) values (10, '2013-05-31 13:00:00', 6, 20, 1);

insert into S40CICORE.SLAVE_STAT_PER_LABEL (ID, PROVISIONTIME, RESERVEDINSTANCECOUNT, TOTALINSTANCECOUNT, SLAVEPOOL_ID, SLAVELABEL_ID) values (1, '2013-04-01 13:00:00', 5, 10, 1, 1);
insert into S40CICORE.SLAVE_STAT_PER_LABEL (ID, PROVISIONTIME, RESERVEDINSTANCECOUNT, TOTALINSTANCECOUNT, SLAVEPOOL_ID, SLAVELABEL_ID) values (2, '2013-05-01 13:00:00', 2, 10, 1, 2);
insert into S40CICORE.SLAVE_STAT_PER_LABEL (ID, PROVISIONTIME, RESERVEDINSTANCECOUNT, TOTALINSTANCECOUNT, SLAVEPOOL_ID, SLAVELABEL_ID) values (3, '2013-05-01 16:00:00', 9, 10, 1, 2);
insert into S40CICORE.SLAVE_STAT_PER_LABEL (ID, PROVISIONTIME, RESERVEDINSTANCECOUNT, TOTALINSTANCECOUNT, SLAVEPOOL_ID, SLAVELABEL_ID) values (4, '2013-05-01 18:22:00', 6, 10, 1, 1);
insert into S40CICORE.SLAVE_STAT_PER_LABEL (ID, PROVISIONTIME, RESERVEDINSTANCECOUNT, TOTALINSTANCECOUNT, SLAVEPOOL_ID, SLAVELABEL_ID) values (5, '2013-05-06 13:00:00', 8, 10, 1, 2);
insert into S40CICORE.SLAVE_STAT_PER_LABEL (ID, PROVISIONTIME, RESERVEDINSTANCECOUNT, TOTALINSTANCECOUNT, SLAVEPOOL_ID, SLAVELABEL_ID) values (6, '2013-05-08 13:00:00', 10, 10, 1, 2);
insert into S40CICORE.SLAVE_STAT_PER_LABEL (ID, PROVISIONTIME, RESERVEDINSTANCECOUNT, TOTALINSTANCECOUNT, SLAVEPOOL_ID, SLAVELABEL_ID) values (7, '2013-05-22 11:00:00', 7, 10, 1, 1);
insert into S40CICORE.SLAVE_STAT_PER_LABEL (ID, PROVISIONTIME, RESERVEDINSTANCECOUNT, TOTALINSTANCECOUNT, SLAVEPOOL_ID, SLAVELABEL_ID) values (8, '2013-05-22 13:00:00', 8, 10, 1, 2);
insert into S40CICORE.SLAVE_STAT_PER_LABEL (ID, PROVISIONTIME, RESERVEDINSTANCECOUNT, TOTALINSTANCECOUNT, SLAVEPOOL_ID, SLAVELABEL_ID) values (9, '2013-05-22 15:20:20', 2, 10, 1, 2);
insert into S40CICORE.SLAVE_STAT_PER_LABEL (ID, PROVISIONTIME, RESERVEDINSTANCECOUNT, TOTALINSTANCECOUNT, SLAVEPOOL_ID, SLAVELABEL_ID) values (10, '2013-05-31 13:00:00', 6, 10, 1, 1);

insert into S40CICORE.SLAVE_STAT_PER_LABEL (ID, PROVISIONTIME, RESERVEDINSTANCECOUNT, TOTALINSTANCECOUNT, SLAVEPOOL_ID) values (11, '2013-05-31 13:00:00', 6, 30, 1);
insert into S40CICORE.SLAVE_STAT_PER_LABEL (ID, PROVISIONTIME, RESERVEDINSTANCECOUNT, TOTALINSTANCECOUNT, SLAVEPOOL_ID) values (12, '2013-06-02 14:00:00', 20, 30, 1);
insert into S40CICORE.SLAVE_STAT_PER_LABEL (ID, PROVISIONTIME, RESERVEDINSTANCECOUNT, TOTALINSTANCECOUNT, SLAVEPOOL_ID) values (13, '2013-06-11 15:00:00', 18, 30, 1);
insert into S40CICORE.SLAVE_STAT_PER_LABEL (ID, PROVISIONTIME, RESERVEDINSTANCECOUNT, TOTALINSTANCECOUNT, SLAVEPOOL_ID) values (14, '2013-06-16 16:00:00', 40, 40, 1);
insert into S40CICORE.SLAVE_STAT_PER_LABEL (ID, PROVISIONTIME, RESERVEDINSTANCECOUNT, TOTALINSTANCECOUNT, SLAVEPOOL_ID) values (15, '2013-06-18 17:00:00', 30, 40, 1);
insert into S40CICORE.SLAVE_STAT_PER_LABEL (ID, PROVISIONTIME, RESERVEDINSTANCECOUNT, TOTALINSTANCECOUNT, SLAVEPOOL_ID) values (16, '2013-05-31 13:00:00', 16, 30, 2);
insert into S40CICORE.SLAVE_STAT_PER_LABEL (ID, PROVISIONTIME, RESERVEDINSTANCECOUNT, TOTALINSTANCECOUNT, SLAVEPOOL_ID) values (17, '2013-06-02 14:00:00', 22, 30, 2);
insert into S40CICORE.SLAVE_STAT_PER_LABEL (ID, PROVISIONTIME, RESERVEDINSTANCECOUNT, TOTALINSTANCECOUNT, SLAVEPOOL_ID) values (18, '2013-06-11 15:00:00', 30, 30, 2);
insert into S40CICORE.SLAVE_STAT_PER_LABEL (ID, PROVISIONTIME, RESERVEDINSTANCECOUNT, TOTALINSTANCECOUNT, SLAVEPOOL_ID) values (19, '2013-06-16 16:00:00', 30, 35, 2);
insert into S40CICORE.SLAVE_STAT_PER_LABEL (ID, PROVISIONTIME, RESERVEDINSTANCECOUNT, TOTALINSTANCECOUNT, SLAVEPOOL_ID) values (20, '2013-06-18 17:00:00', 28, 35, 2);

insert into S40CICORE.SLAVE_STAT_PER_MACHINE (ID, PROVISIONTIME, RESERVEDINSTANCECOUNT, TOTALINSTANCECOUNT, SLAVEPOOL_ID, SLAVEMACHINE_ID) values (1, '2013-04-01 13:00:00', 1, 8, 1, 1);
insert into S40CICORE.SLAVE_STAT_PER_MACHINE (ID, PROVISIONTIME, RESERVEDINSTANCECOUNT, TOTALINSTANCECOUNT, SLAVEPOOL_ID, SLAVEMACHINE_ID) values (2, '2013-05-01 13:00:00', 6, 9, 1, 2);
insert into S40CICORE.SLAVE_STAT_PER_MACHINE (ID, PROVISIONTIME, RESERVEDINSTANCECOUNT, TOTALINSTANCECOUNT, SLAVEPOOL_ID, SLAVEMACHINE_ID) values (3, '2013-05-01 16:00:00', 7, 9, 1, 2);
insert into S40CICORE.SLAVE_STAT_PER_MACHINE (ID, PROVISIONTIME, RESERVEDINSTANCECOUNT, TOTALINSTANCECOUNT, SLAVEPOOL_ID, SLAVEMACHINE_ID) values (4, '2013-05-01 18:22:00', 3, 8, 1, 1);
insert into S40CICORE.SLAVE_STAT_PER_MACHINE (ID, PROVISIONTIME, RESERVEDINSTANCECOUNT, TOTALINSTANCECOUNT, SLAVEPOOL_ID, SLAVEMACHINE_ID) values (5, '2013-05-06 13:00:00', 4, 9, 1, 2);
insert into S40CICORE.SLAVE_STAT_PER_MACHINE (ID, PROVISIONTIME, RESERVEDINSTANCECOUNT, TOTALINSTANCECOUNT, SLAVEPOOL_ID, SLAVEMACHINE_ID) values (6, '2013-05-08 13:00:00', 5, 9, 1, 2);
insert into S40CICORE.SLAVE_STAT_PER_MACHINE (ID, PROVISIONTIME, RESERVEDINSTANCECOUNT, TOTALINSTANCECOUNT, SLAVEPOOL_ID, SLAVEMACHINE_ID) values (7, '2013-05-22 11:00:00', 8, 8, 1, 1);
insert into S40CICORE.SLAVE_STAT_PER_MACHINE (ID, PROVISIONTIME, RESERVEDINSTANCECOUNT, TOTALINSTANCECOUNT, SLAVEPOOL_ID, SLAVEMACHINE_ID) values (8, '2013-05-22 13:00:00', 3, 9, 1, 2);
insert into S40CICORE.SLAVE_STAT_PER_MACHINE (ID, PROVISIONTIME, RESERVEDINSTANCECOUNT, TOTALINSTANCECOUNT, SLAVEPOOL_ID, SLAVEMACHINE_ID) values (9, '2013-05-22 15:20:20', 5, 9, 1, 2);
insert into S40CICORE.SLAVE_STAT_PER_MACHINE (ID, PROVISIONTIME, RESERVEDINSTANCECOUNT, TOTALINSTANCECOUNT, SLAVEPOOL_ID, SLAVEMACHINE_ID) values (10, '2013-05-31 13:00:00', 7, 8, 1, 1);

-- CI SERVERS --
insert into S40CICORE.CISERVER (ID, PORT, URL, TESTRESULTSTORAGE, SLAVEPOOL_ID, DISABLED, BUILDSRUNNING) values (1, 1337, 'localhost', '../../../../../s40-ci-backend-mock/data/', 1, 0, 0);

-- BRANCH CI SERVERS --
insert into S40CICORE.BRANCH_CISERVER (BRANCHES_ID, CISERVERS_ID) values (1, 1);
insert into S40CICORE.BRANCH_CISERVER (BRANCHES_ID, CISERVERS_ID) values (5, 1);
insert into S40CICORE.BRANCH_CISERVER (BRANCHES_ID, CISERVERS_ID) values (3, 1);
insert into S40CICORE.BRANCH_CISERVER (BRANCHES_ID, CISERVERS_ID) values (6, 1);
insert into S40CICORE.BRANCH_CISERVER (BRANCHES_ID, CISERVERS_ID) values (9, 1);

insert into S40CICORE.INCIDENT (ID,TIME,TYPE,DESCRIPTION,CHECKUSER,CHECKTIME) values (1,CURRENT_TIMESTAMP,'DELIVERY_CHAIN','unspecific problem','admin',CURRENT_TIMESTAMP);
insert into S40CICORE.INCIDENT (ID,TIME,TYPE,DESCRIPTION) values (2,CURRENT_TIMESTAMP,'DELIVERY_CHAIN','unspecific problem 2');
insert into S40CICORE.INCIDENT (ID,TIME,TYPE,DESCRIPTION) values (3,CURRENT_TIMESTAMP,'DELIVERY_CHAIN','unspecific problem 3');
insert into S40CICORE.INCIDENT (ID,TIME,TYPE,DESCRIPTION) values (4,CURRENT_TIMESTAMP,'DELIVERY_CHAIN','unspecific problem 4');
insert into S40CICORE.INCIDENT (ID,TIME,TYPE,DESCRIPTION) values (5,CURRENT_TIMESTAMP,'DELIVERY_CHAIN','unspecific problem 5');
insert into S40CICORE.INCIDENT (ID,TIME,TYPE,DESCRIPTION) values (6,CURRENT_TIMESTAMP,'DELIVERY_CHAIN','unspecific problem 6');
insert into S40CICORE.INCIDENT (ID,TIME,TYPE,DESCRIPTION) values (7,CURRENT_TIMESTAMP,'DELIVERY_CHAIN','unspecific problem 7');
insert into S40CICORE.INCIDENT (ID,TIME,TYPE,DESCRIPTION) values (8,CURRENT_TIMESTAMP,'DELIVERY_CHAIN','unspecific problem 8');
insert into S40CICORE.INCIDENT (ID,TIME,TYPE,DESCRIPTION) values (9,CURRENT_TIMESTAMP,'DELIVERY_CHAIN','unspecific problem 9');


insert into S40CICORE.STATUS_TRIGGER_PATTERN (ID,PATTERN,JOB_ID) values (1,'SFFFF',1);
insert into S40CICORE.STATUS_TRIGGER_PATTERN (ID,PATTERN,JOB_ID) values (2,'SSFS',1);

insert into S40CICORE.TEMPLATE (ID, CREATED, MODIFIED, NAME, DESCRIPTION) values(1, CURRENT_TIMESTAMP, CURRENT_TIMESTAMP, 'test template', 'description for test template');

insert into S40CICORE.BUILD_FAILURE (ID, TESTCASENAME, TYPE, MESSAGE, relativePath, BUILD_ID) values (1, 'test case name', 'test case type', 'test case message', '/relative/path', 87);
insert into S40CICORE.BUILD_FAILURE (ID, TESTCASENAME, TYPE, MESSAGE, relativePath, BUILD_ID) values (2, 'test case name', 'test case type', 'test case message', '/relative/path', 87);
insert into S40CICORE.BUILD_FAILURE (ID, TESTCASENAME, TYPE, MESSAGE, relativePath, BUILD_ID) values (3, 'test case name', 'test case type', 'test case message', '/relative/path', 87);
insert into S40CICORE.BUILD_FAILURE (ID, TESTCASENAME, TYPE, MESSAGE, relativePath, BUILD_ID) values (4, 'test case name', 'test case type', 'test case message', '/relative/path', 88);
insert into S40CICORE.BUILD_FAILURE (ID, TESTCASENAME, TYPE, MESSAGE, relativePath, BUILD_ID) values (5, 'test case name', 'test case type', 'test case message', '/relative/path', 88);
insert into S40CICORE.BUILD_FAILURE (ID, TESTCASENAME, TYPE, MESSAGE, relativePath, BUILD_ID) values (6, 'test case name', 'test case type', 'test case message', '/relative/path', 88);

insert into S40CICORE.BUILD_FAILURE_REASON (ID, NAME, DESCRIPTION, FAILCOMMENT, CHECKUSER, SEVERITY, BUILDFAILURE_ID) values (1, 'Blocking reason', 'reason description', 'failure comment', 'admin', 'BLOCKING', 1);
insert into S40CICORE.BUILD_FAILURE_REASON (ID, NAME, DESCRIPTION, FAILCOMMENT, CHECKUSER, SEVERITY, BUILDFAILURE_ID) values (2, 'Non-blocking reason', 'reason description', 'failure comment', 'admin', 'NON_BLOCKING', 2);
insert into S40CICORE.BUILD_FAILURE_REASON (ID, NAME, DESCRIPTION, FAILCOMMENT, CHECKUSER, SEVERITY, BUILDFAILURE_ID) values (3, 'Non-blocking reason', 'reason description', 'failure comment', 'admin', 'NON_BLOCKING', 3);
insert into S40CICORE.BUILD_FAILURE_REASON (ID, NAME, DESCRIPTION, FAILCOMMENT, CHECKUSER, SEVERITY, BUILDFAILURE_ID) values (4, 'Non-blocking reason', 'reason description', 'failure comment', 'admin', 'NON_BLOCKING', 4);
insert into S40CICORE.BUILD_FAILURE_REASON (ID, NAME, DESCRIPTION, FAILCOMMENT, CHECKUSER, SEVERITY, BUILDFAILURE_ID) values (5, 'Blocking reason', 'reason description', 'failure comment', 'admin', 'BLOCKING', 5);